-- phpMyAdmin SQL Dump
-- version 5.2.1
-- https://www.phpmyadmin.net/
--
-- Host: 127.0.0.1
-- Waktu pembuatan: 12 Agu 2023 pada 21.17
-- Versi server: 10.4.28-MariaDB
-- Versi PHP: 8.2.4

SET SQL_MODE = "NO_AUTO_VALUE_ON_ZERO";
START TRANSACTION;
SET time_zone = "+00:00";


/*!40101 SET @OLD_CHARACTER_SET_CLIENT=@@CHARACTER_SET_CLIENT */;
/*!40101 SET @OLD_CHARACTER_SET_RESULTS=@@CHARACTER_SET_RESULTS */;
/*!40101 SET @OLD_COLLATION_CONNECTION=@@COLLATION_CONNECTION */;
/*!40101 SET NAMES utf8mb4 */;

--
-- Database: `labtif`
--

-- --------------------------------------------------------

--
-- Struktur dari tabel `Asistens`
--

CREATE TABLE `Asistens` (
  `asisten_id` varchar(11) NOT NULL,
  `nim` varchar(11) NOT NULL,
  `nama_asisten` varchar(255) NOT NULL,
  `email` varchar(255) DEFAULT NULL,
  `email_kampus` varchar(255) DEFAULT NULL,
  `no_hp` varchar(255) DEFAULT NULL,
  `bidang_praktikum` varchar(255) DEFAULT NULL,
  `golongan` enum('A','B','C') DEFAULT NULL,
  `periode` varchar(11) NOT NULL,
  `is_active` tinyint(1) DEFAULT NULL,
  `created_at` datetime NOT NULL,
  `updated_at` datetime NOT NULL
) ENGINE=InnoDB DEFAULT CHARSET=utf8mb4 COLLATE=utf8mb4_general_ci;

--
-- Dumping data untuk tabel `Asistens`
--

INSERT INTO `Asistens` (`asisten_id`, `nim`, `nama_asisten`, `email`, `email_kampus`, `no_hp`, `bidang_praktikum`, `golongan`, `periode`, `is_active`, `created_at`, `updated_at`) VALUES
('AS23001', '193040154', 'ELTI RAHMAWATI', 'elti.rahmawati19@gmail.com', '193040154@mail.unpas.ac.id', '082254243461', 'Basis Data', 'C', '2023', 1, '2023-08-12 16:49:22', '2023-08-12 16:49:22'),
('AS23002', '193040159', 'FAJRI KHOIRUNNISA', 'fajrikh01@gmail.com', '193040159@mail.unpas.ac.id', '083823084118', 'Basis Data', 'C', '2023', 1, '2023-08-12 16:49:26', '2023-08-12 16:49:26'),
('AS23003', '193040042', 'SUHENDANI', 'kazzdani3@gmail.com', '193040042.suhendani@mail.unpas.ac.id', '081212679636', 'Basis Data', 'C', '2023', 1, '2023-08-12 16:49:29', '2023-08-12 16:49:29'),
('AS23004', '193040001', 'PUTRA HANIF AMMARTA', 'putrahanif437@gmail.com', '193040001.putra@mail.unpas.ac.id', '089658842008', 'Basis Data', 'C', '2023', 1, '2023-08-12 16:49:31', '2023-08-12 16:49:31');

-- --------------------------------------------------------

--
-- Struktur dari tabel `Dosens`
--

CREATE TABLE `Dosens` (
  `dosen_nip` varchar(11) NOT NULL,
  `nama_dosen` varchar(255) NOT NULL,
  `email` varchar(255) DEFAULT NULL,
  `jenis_pegawai` varchar(255) NOT NULL,
  `image_url` varchar(255) DEFAULT NULL,
  `created_at` datetime NOT NULL,
  `updated_at` datetime NOT NULL
) ENGINE=InnoDB DEFAULT CHARSET=utf8mb4 COLLATE=utf8mb4_general_ci;

--
-- Dumping data untuk tabel `Dosens`
--

INSERT INTO `Dosens` (`dosen_nip`, `nama_dosen`, `email`, `jenis_pegawai`, `image_url`, `created_at`, `updated_at`) VALUES
('0402088504', ' FAJAR DARMAWAN, ST., M.KOM ', 'fajar.2885@gmail.com', 'Dosen', NULL, '2023-08-12 16:44:24', '2023-08-12 16:44:24'),
('0404048901', ' ASEP SOMANTRI ST.,MT', 'somantri89@gmail.com', 'Dosen', NULL, '2023-08-12 16:44:24', '2023-08-12 16:44:24'),
('0404058001', ' AAN ALBONE ', NULL, 'Dosen', NULL, '2023-08-12 16:44:24', '2023-08-12 16:44:24'),
('0405088305', ' RYAN ADHITYA NUGRAHA ', 'ranugraha@telkomuniversity.ac.id', 'Dosen', NULL, '2023-08-12 16:44:24', '2023-08-12 16:44:24'),
('0405096701', ' SALI ALAS MAJAPAHIT S.ST, M.Kom', 'sali@unpas.ac.id', 'Dosen', NULL, '2023-08-12 16:44:24', '2023-08-12 16:44:24'),
('0405106601', ' IR. ARIEF HENDRAWAN, MT. ', NULL, 'Dosen', NULL, '2023-08-12 16:44:24', '2023-08-12 16:44:24'),
('0409047403', ' IMAM SAPUAN, S.SI. ', NULL, 'Dosen', NULL, '2023-08-12 16:44:24', '2023-08-12 16:44:24'),
('0410028503', ' MUHAMMAD AL MAKKY, S.KOM., MT. ', 'malmakky@telkomuniversity.ac.id', 'Dosen', NULL, '2023-08-12 16:44:24', '2023-08-12 16:44:24'),
('0412106802', 'DR. IR LEONY LIDYA MT', 'leony.lidya@unpas.ac.id', 'Dosen', NULL, '2023-08-12 16:44:24', '2023-08-12 16:44:24'),
('0415028501', ' FERRY MULYANTO ST., M.KOM', NULL, 'Dosen', NULL, '2023-08-12 16:44:24', '2023-08-12 16:44:24'),
('0418045401', ' IR. R. DJUNAEDY SAKAM, MT. ', NULL, 'Dosen', NULL, '2023-08-12 16:44:24', '2023-08-12 16:44:24'),
('0418128701', ' MUHAMMAD TIRTA MULIA ST., MT.', 'mtirtamulia@gmail.com', 'Dosen', NULL, '2023-08-12 16:44:24', '2023-08-12 16:44:24'),
('0421047801', ' MELLIA LIYANTHY ST., MT', 'liyanthy@unpas.ac.id', 'Dosen', NULL, '2023-08-12 16:44:24', '2023-08-12 16:44:24'),
('0421128501', ' DODDY FERDIANSYAH ST., MT', 'doddy@unpas.ac.id', 'Dosen', NULL, '2023-08-12 16:44:24', '2023-08-12 16:44:24'),
('0422086701', ' IR. IWAN KURNIAWAN, MT. ', NULL, 'Dosen', NULL, '2023-08-12 16:44:24', '2023-08-12 16:44:24'),
('0423088302', ' ERIK ST.,M.Kom', 'erik.doank@gmail.com', 'Dosen', NULL, '2023-08-12 16:44:24', '2023-08-12 16:44:24'),
('0424057201', 'DR AYI PURBASARI ST., MT', 'pbasari.ayi@unpas.ac.id', 'Dosen', NULL, '2023-08-12 16:44:24', '2023-08-12 16:44:24'),
('0424068803', ' IVAN NUGRAHA ', NULL, 'Dosen', NULL, '2023-08-12 16:44:24', '2023-08-12 16:44:24'),
('0425048801', ' SITA DEWI PRAHASTINI ', 'sitadewi@yahoo.com', 'Dosen', NULL, '2023-08-12 16:44:24', '2023-08-12 16:44:24'),
('0425098502', ' R. SANDHIKA GALIH AMALGA. ST., MT', 'sandhikagalih@gmail.com', 'Dosen', NULL, '2023-08-12 16:44:24', '2023-08-12 16:44:24'),
('0426048801', ' IRMA WIBIYANTI, S.KOM., MM. ', 'irma26wibiyanti@gmail.com', 'Dosen', NULL, '2023-08-12 16:44:24', '2023-08-12 16:44:24'),
('0427017007', ' CACA EMILE SUPRIANA S.SI., MT.', 'caca.e.supriana@unpas.ac.id', 'Dosen', NULL, '2023-08-12 16:44:24', '2023-08-12 16:44:24'),
('0427067501', ' SANDRA ISLAMA PUTRA. S.Si., M.Kom', 'cimohay@gmail.com', 'Dosen', NULL, '2023-08-12 16:44:24', '2023-08-12 16:44:24'),
('0427078402', ' RITA RIJAYANTI ST., MT.', 'sister.rita.rijayanti@unpas.ac.id', 'Dosen', NULL, '2023-08-12 16:44:24', '2023-08-12 16:44:24'),
('0427098402', ' HENDRA KOMARA S.T., M.T.', 'sister.hendra.komara@unpas.ac.id', 'Dosen', NULL, '2023-08-12 16:44:24', '2023-08-12 16:44:24'),
('0428018502', ' ANGGORO ARI NURCAHYO. ST.,M.KOM ', 'anggoro.an@gmail.com', 'Dosen', NULL, '2023-08-12 16:44:24', '2023-08-12 16:44:24'),
('0428067006', ' SAMSUN HIDAYAT ', NULL, 'Dosen', NULL, '2023-08-12 16:44:24', '2023-08-12 16:44:24'),
('0429018502', ' ADE SUKENDAR ST.,MT', 'ade.sukendar@unpas.ac.id', 'Dosen', NULL, '2023-08-12 16:44:24', '2023-08-12 16:44:24'),
('0429068605', ' HANDOKO SUPENO ST., MT.', 'hanupas@gmail.com', 'Dosen', NULL, '2023-08-12 16:44:24', '2023-08-12 16:44:24'),
('0430048803', ' WANDA GUSDYA PURNAMA ST., MT', 'wanda.gusdya@unpas.ac.id', 'Dosen', NULL, '2023-08-12 16:44:24', '2023-08-12 16:44:24'),
('0430109006', ' MIFTAHUL FADLI MUTTAQIN S.T.,M.T.', 'miftahulfadli@unpas.ac.id', 'Dosen', NULL, '2023-08-12 16:44:24', '2023-08-12 16:44:24'),
('0431087101', 'Dr RIRIN DWI AGUSTIN ST. MT', 'ririn_dwia@unpas.ac.id', 'Dosen', NULL, '2023-08-12 16:44:24', '2023-08-12 16:44:24'),
('0431128702', ' Nana Sujana ST,. M.KOM', 'sukses.nana@gmail.com', 'Dosen', NULL, '2023-08-12 16:44:24', '2023-08-12 16:44:24'),
('151.101.21', 'IR. AGUS HEXAGRAHA ', NULL, 'Dosen', NULL, '2023-08-12 16:44:24', '2023-08-12 16:44:24'),
('151.101.75', 'DR. IR LEONY LIDYA MT', NULL, 'Dosen', NULL, '2023-08-12 16:44:24', '2023-08-12 16:44:24'),
('151.101.76', ' IR. ARIEF HENDRAWAN, MT. ', NULL, 'Dosen', NULL, '2023-08-12 16:44:24', '2023-08-12 16:44:24'),
('151.103.30', ' AAN ALBONE,ST.,M.TI. ', NULL, 'Dosen', NULL, '2023-08-12 16:44:24', '2023-08-12 16:44:24'),
('151.103.31', ' SALI ALAS MAJAPAHIT, S.ST., M.KOM. S.ST, M.Kom', NULL, 'Dosen', NULL, '2023-08-12 16:44:24', '2023-08-12 16:44:24'),
('151.103.33', 'DR AYI PURBASARI ST., MT', 'pbasari.ayi@unpas.ac.id', 'Dosen', NULL, '2023-08-12 16:44:24', '2023-08-12 16:44:24'),
('151.104.90', ' IR. COMALUDDIN TARSIM, M.SI. ', 'comaluddin@yahoo.com', 'Dosen', NULL, '2023-08-12 16:44:24', '2023-08-12 16:44:24'),
('151.104.94', ' SHANTI HERLIANI ', NULL, 'Dosen', NULL, '2023-08-12 16:44:24', '2023-08-12 16:44:24'),
('151.104.96', ' R. SANDHIKA GALIH AMALGA. ST., MT', 'sandhikagalih@gmail.com', 'Dosen', NULL, '2023-08-12 16:44:24', '2023-08-12 16:44:24'),
('151.104.97', ' ANGGORO ARI NURCAHYO. ST.,M.KOM ', 'anggoro.an@gmail.com', 'Dosen', NULL, '2023-08-12 16:44:24', '2023-08-12 16:44:24'),
('151.104.98', ' HENDRA KOMARA S.T., M.T.', NULL, 'Dosen', NULL, '2023-08-12 16:44:24', '2023-08-12 16:44:24'),
('151.104.99', ' RITA RIJAYANTI ST., MT.', NULL, 'Dosen', NULL, '2023-08-12 16:44:24', '2023-08-12 16:44:24'),
('151.105.00', ' ERIK ST.,M.Kom', 'erik.doank@gmail.com', 'Dosen', NULL, '2023-08-12 16:44:24', '2023-08-12 16:44:24'),
('151.105.27', ' IR. IWAN KURNIAWAN, MT. ', NULL, 'Dosen', NULL, '2023-08-12 16:44:24', '2023-08-12 16:44:24'),
('151.105.51', ' FERRY MULYANTO ST., M.KOM', NULL, 'Dosen', NULL, '2023-08-12 16:44:24', '2023-08-12 16:44:24'),
('151.105.52', ' FAJAR DARMAWAN, ST., M.KOM ', 'fajar.2885@gmail.com', 'Dosen', NULL, '2023-08-12 16:44:24', '2023-08-12 16:44:24'),
('151.105.53', ' DODDY FERDIANSYAH ST., MT', NULL, 'Dosen', NULL, '2023-08-12 16:44:24', '2023-08-12 16:44:24'),
('151.105.54', ' ADE SUKENDAR ST.,MT', NULL, 'Dosen', NULL, '2023-08-12 16:44:24', '2023-08-12 16:44:24'),
('151.106.37', ' WANDA GUSDYA PURNAMA ST., MT', NULL, 'Dosen', NULL, '2023-08-12 16:44:24', '2023-08-12 16:44:24'),
('151.108.16', ' HANDOKO SUPENO ST., MT.', 'hanupas@gmail.com', 'Dosen', NULL, '2023-08-12 16:44:24', '2023-08-12 16:44:24'),
('151.108.73', ' ASEP SOMANTRI ST.,MT ', NULL, 'Dosen', NULL, '2023-08-12 16:44:24', '2023-08-12 16:44:24'),
('9904009250', ' SHANTI HERLIANI ', NULL, 'Dosen', NULL, '2023-08-12 16:44:24', '2023-08-12 16:44:24'),
('9904019435', ' IR. COMALUDDIN TARSIM, M.SI. ', 'comaluddin@yahoo.com', 'Dosen', NULL, '2023-08-12 16:44:24', '2023-08-12 16:44:24'),
('9990107353', ' R DJUNAEDY SAKAM ', NULL, 'Dosen', NULL, '2023-08-12 16:44:24', '2023-08-12 16:44:24'),
('IF306', ' Acep Hendra ST. M.Kom', 'info.inkara@gmail.com', 'Dosen', NULL, '2023-08-18 14:47:36', '2023-08-18 14:47:36'),
('IF397', ' MOCH. ILHAM ANUGRAH, ST., M.ENG. ', 'surelna.ilham@gmail.com', 'Dosen', NULL, '2023-08-12 16:44:24', '2023-08-12 16:44:24');

-- --------------------------------------------------------

--
-- Struktur dari tabel `JadwalPikets`
--

CREATE TABLE `JadwalPikets` (
  `piket_id` int(11) NOT NULL,
  `praktik_id` int(11) NOT NULL,
  `periode` varchar(11) DEFAULT NULL,
  `kelas_id` int(11) DEFAULT NULL,
  `pertemuan` int(11) DEFAULT NULL,
  `asisten_id` varchar(11) NOT NULL,
  `nama_asisten` varchar(255) DEFAULT NULL,
  `created_at` datetime NOT NULL,
  `updated_at` datetime NOT NULL
) ENGINE=InnoDB DEFAULT CHARSET=utf8mb4 COLLATE=utf8mb4_general_ci;

--
-- Dumping data untuk tabel `JadwalPikets`
--

INSERT INTO `JadwalPikets` (`piket_id`, `praktik_id`, `periode`, `kelas_id`, `pertemuan`, `asisten_id`, `nama_asisten`, `created_at`, `updated_at`) VALUES
(81, 197447, '20222', 470866, 1, 'AS23001', 'ELTI RAHMAWATI', '2023-08-12 18:08:58', '2023-08-12 18:08:58'),
(82, 197448, '20222', 470866, 2, 'AS23001', 'ELTI RAHMAWATI', '2023-08-12 18:08:58', '2023-08-12 18:08:58'),
(83, 197449, '20222', 470866, 3, 'AS23001', 'ELTI RAHMAWATI', '2023-08-12 18:08:58', '2023-08-12 18:08:58'),
(84, 197450, '20222', 470866, 4, 'AS23001', 'ELTI RAHMAWATI', '2023-08-12 18:08:58', '2023-08-12 18:08:58'),
(85, 197451, '20222', 470866, 5, 'AS23001', 'ELTI RAHMAWATI', '2023-08-12 18:08:58', '2023-08-12 18:08:58'),
(86, 197452, '20222', 470866, 6, 'AS23001', 'ELTI RAHMAWATI', '2023-08-12 18:08:58', '2023-08-12 18:08:58'),
(87, 197453, '20222', 470866, 7, 'AS23001', 'ELTI RAHMAWATI', '2023-08-12 18:08:58', '2023-08-12 18:08:58'),
(88, 197454, '20222', 470866, 8, 'AS23001', 'ELTI RAHMAWATI', '2023-08-12 18:08:58', '2023-08-12 18:08:58'),
(89, 197455, '20222', 470866, 9, 'AS23001', 'ELTI RAHMAWATI', '2023-08-12 18:08:58', '2023-08-12 18:08:58'),
(90, 197456, '20222', 470866, 10, 'AS23001', 'ELTI RAHMAWATI', '2023-08-12 18:08:58', '2023-08-12 18:08:58'),
(91, 197457, '20222', 470866, 11, 'AS23001', 'ELTI RAHMAWATI', '2023-08-12 18:08:58', '2023-08-12 18:08:58'),
(92, 197458, '20222', 470866, 12, 'AS23001', 'ELTI RAHMAWATI', '2023-08-12 18:08:58', '2023-08-12 18:08:58'),
(93, 197459, '20222', 470866, 13, 'AS23001', 'ELTI RAHMAWATI', '2023-08-12 18:08:58', '2023-08-12 18:08:58'),
(94, 197460, '20222', 470866, 14, 'AS23001', 'ELTI RAHMAWATI', '2023-08-12 18:08:58', '2023-08-12 18:08:58'),
(95, 197461, '20222', 470866, 15, 'AS23001', 'ELTI RAHMAWATI', '2023-08-12 18:08:58', '2023-08-12 18:08:58'),
(96, 197462, '20222', 470866, 16, 'AS23001', 'ELTI RAHMAWATI', '2023-08-12 18:08:58', '2023-08-12 18:08:58'),
(97, 197447, '20222', 470866, 1, 'AS23002', 'FAJRI KHOIRUNNISA', '2023-08-12 18:09:04', '2023-08-12 18:09:04'),
(98, 197448, '20222', 470866, 2, 'AS23002', 'FAJRI KHOIRUNNISA', '2023-08-12 18:09:04', '2023-08-12 18:09:04'),
(99, 197449, '20222', 470866, 3, 'AS23002', 'FAJRI KHOIRUNNISA', '2023-08-12 18:09:04', '2023-08-12 18:09:04'),
(100, 197450, '20222', 470866, 4, 'AS23002', 'FAJRI KHOIRUNNISA', '2023-08-12 18:09:04', '2023-08-12 18:09:04'),
(101, 197451, '20222', 470866, 5, 'AS23002', 'FAJRI KHOIRUNNISA', '2023-08-12 18:09:04', '2023-08-12 18:09:04'),
(102, 197452, '20222', 470866, 6, 'AS23002', 'FAJRI KHOIRUNNISA', '2023-08-12 18:09:04', '2023-08-12 18:09:04'),
(103, 197453, '20222', 470866, 7, 'AS23002', 'FAJRI KHOIRUNNISA', '2023-08-12 18:09:04', '2023-08-12 18:09:04'),
(104, 197454, '20222', 470866, 8, 'AS23002', 'FAJRI KHOIRUNNISA', '2023-08-12 18:09:04', '2023-08-12 18:09:04'),
(105, 197455, '20222', 470866, 9, 'AS23002', 'FAJRI KHOIRUNNISA', '2023-08-12 18:09:04', '2023-08-12 18:09:04'),
(106, 197456, '20222', 470866, 10, 'AS23002', 'FAJRI KHOIRUNNISA', '2023-08-12 18:09:04', '2023-08-12 18:09:04'),
(107, 197457, '20222', 470866, 11, 'AS23002', 'FAJRI KHOIRUNNISA', '2023-08-12 18:09:04', '2023-08-12 18:09:04'),
(108, 197458, '20222', 470866, 12, 'AS23002', 'FAJRI KHOIRUNNISA', '2023-08-12 18:09:04', '2023-08-12 18:09:04'),
(109, 197459, '20222', 470866, 13, 'AS23002', 'FAJRI KHOIRUNNISA', '2023-08-12 18:09:04', '2023-08-12 18:09:04'),
(110, 197460, '20222', 470866, 14, 'AS23002', 'FAJRI KHOIRUNNISA', '2023-08-12 18:09:04', '2023-08-12 18:09:04'),
(111, 197461, '20222', 470866, 15, 'AS23002', 'FAJRI KHOIRUNNISA', '2023-08-12 18:09:04', '2023-08-12 18:09:04'),
(112, 197462, '20222', 470866, 16, 'AS23002', 'FAJRI KHOIRUNNISA', '2023-08-12 18:09:04', '2023-08-12 18:09:04'),
(113, 197447, '20222', 470866, 1, 'AS23003', 'SUHENDANI', '2023-08-12 18:09:10', '2023-08-12 18:09:10'),
(114, 197448, '20222', 470866, 2, 'AS23003', 'SUHENDANI', '2023-08-12 18:09:10', '2023-08-12 18:09:10'),
(115, 197449, '20222', 470866, 3, 'AS23003', 'SUHENDANI', '2023-08-12 18:09:10', '2023-08-12 18:09:10'),
(116, 197450, '20222', 470866, 4, 'AS23003', 'SUHENDANI', '2023-08-12 18:09:10', '2023-08-12 18:09:10'),
(117, 197451, '20222', 470866, 5, 'AS23003', 'SUHENDANI', '2023-08-12 18:09:10', '2023-08-12 18:09:10'),
(118, 197452, '20222', 470866, 6, 'AS23003', 'SUHENDANI', '2023-08-12 18:09:10', '2023-08-12 18:09:10'),
(119, 197453, '20222', 470866, 7, 'AS23003', 'SUHENDANI', '2023-08-12 18:09:10', '2023-08-12 18:09:10'),
(120, 197454, '20222', 470866, 8, 'AS23003', 'SUHENDANI', '2023-08-12 18:09:10', '2023-08-12 18:09:10'),
(121, 197455, '20222', 470866, 9, 'AS23003', 'SUHENDANI', '2023-08-12 18:09:10', '2023-08-12 18:09:10'),
(122, 197456, '20222', 470866, 10, 'AS23003', 'SUHENDANI', '2023-08-12 18:09:10', '2023-08-12 18:09:10'),
(123, 197457, '20222', 470866, 11, 'AS23003', 'SUHENDANI', '2023-08-12 18:09:10', '2023-08-12 18:09:10'),
(124, 197458, '20222', 470866, 12, 'AS23003', 'SUHENDANI', '2023-08-12 18:09:10', '2023-08-12 18:09:10'),
(125, 197459, '20222', 470866, 13, 'AS23003', 'SUHENDANI', '2023-08-12 18:09:10', '2023-08-12 18:09:10'),
(126, 197460, '20222', 470866, 14, 'AS23003', 'SUHENDANI', '2023-08-12 18:09:10', '2023-08-12 18:09:10'),
(127, 197461, '20222', 470866, 15, 'AS23003', 'SUHENDANI', '2023-08-12 18:09:10', '2023-08-12 18:09:10'),
(128, 197462, '20222', 470866, 16, 'AS23003', 'SUHENDANI', '2023-08-12 18:09:10', '2023-08-12 18:09:10');

-- --------------------------------------------------------

--
-- Struktur dari tabel `JadwalPraktiks`
--

CREATE TABLE `JadwalPraktiks` (
  `praktik_id` int(11) NOT NULL,
  `periode` varchar(11) DEFAULT NULL,
  `pertemuan` int(11) DEFAULT NULL,
  `hari` varchar(255) DEFAULT NULL,
  `jam_mulai` time DEFAULT NULL,
  `jam_selesai` time DEFAULT NULL,
  `kode_mk` varchar(11) NOT NULL,
  `kelas_id` int(11) DEFAULT NULL,
  `nama_kelas` varchar(255) DEFAULT NULL,
  `dosen_nip` varchar(11) DEFAULT NULL,
  `created_at` datetime NOT NULL,
  `updated_at` datetime NOT NULL
) ENGINE=InnoDB DEFAULT CHARSET=utf8mb4 COLLATE=utf8mb4_general_ci;

--
-- Dumping data untuk tabel `JadwalPraktiks`
--

INSERT INTO `jadwalpraktiks` (`praktik_id`, `periode`, `pertemuan`, `hari`, `jam_mulai`, `jam_selesai`, `kode_mk`, `kelas_id`, `nama_kelas`, `dosen_nip`, `created_at`, `updated_at`) VALUES
(197175, '20222', 1, 'SENIN', '09:40:00', '12:10:00', 'IF21W0407', 470862, 'B', 'IF306', '2023-08-19 14:17:00', '2023-08-19 14:17:00'),
(197176, '20222', 2, 'SENIN', '09:40:00', '12:10:00', 'IF21W0407', 470862, 'B', 'IF306', '2023-08-19 14:17:00', '2023-08-19 14:17:00'),
(197177, '20222', 3, 'SENIN', '09:40:00', '12:10:00', 'IF21W0407', 470862, 'B', 'IF306', '2023-08-19 14:17:00', '2023-08-19 14:17:00'),
(197178, '20222', 4, 'SENIN', '09:40:00', '12:10:00', 'IF21W0407', 470862, 'B', 'IF306', '2023-08-19 14:17:00', '2023-08-19 14:17:00'),
(197179, '20222', 5, 'SENIN', '09:40:00', '12:10:00', 'IF21W0407', 470862, 'B', 'IF306', '2023-08-19 14:17:00', '2023-08-19 14:17:00'),
(197180, '20222', 6, 'SENIN', '09:40:00', '12:10:00', 'IF21W0407', 470862, 'B', 'IF306', '2023-08-19 14:17:00', '2023-08-19 14:17:00'),
(197181, '20222', 7, 'SENIN', '09:40:00', '12:10:00', 'IF21W0407', 470862, 'B', 'IF306', '2023-08-19 14:17:00', '2023-08-19 14:17:00'),
(197182, '20222', 8, 'SENIN', '09:40:00', '12:10:00', 'IF21W0407', 470862, 'B', 'IF306', '2023-08-19 14:17:00', '2023-08-19 14:17:00'),
(197239, '20222', 1, 'SENIN', '13:00:00', '15:30:00', 'IF21W0407', 470864, 'D', '0423088302', '2023-08-19 14:17:00', '2023-08-19 14:17:00'),
(197240, '20222', 2, 'SENIN', '13:00:00', '15:30:00', 'IF21W0407', 470864, 'D', '0423088302', '2023-08-19 14:17:00', '2023-08-19 14:17:00'),
(197241, '20222', 3, 'SENIN', '13:00:00', '15:30:00', 'IF21W0407', 470864, 'D', '0423088302', '2023-08-19 14:17:00', '2023-08-19 14:17:00'),
(197242, '20222', 4, 'SENIN', '13:00:00', '15:30:00', 'IF21W0407', 470864, 'D', '0423088302', '2023-08-19 14:17:00', '2023-08-19 14:17:00'),
(197243, '20222', 5, 'SENIN', '13:00:00', '15:30:00', 'IF21W0407', 470864, 'D', '0423088302', '2023-08-19 14:17:00', '2023-08-19 14:17:00'),
(197244, '20222', 6, 'SENIN', '13:00:00', '15:30:00', 'IF21W0407', 470864, 'D', '0423088302', '2023-08-19 14:17:00', '2023-08-19 14:17:00'),
(197245, '20222', 7, 'SENIN', '13:00:00', '15:30:00', 'IF21W0407', 470864, 'D', '0423088302', '2023-08-19 14:17:00', '2023-08-19 14:17:00'),
(197246, '20222', 8, 'SENIN', '13:00:00', '15:30:00', 'IF21W0407', 470864, 'D', '0423088302', '2023-08-19 14:17:00', '2023-08-19 14:17:00'),
(197247, '20222', 9, 'SENIN', '13:00:00', '15:30:00', 'IF21W0407', 470864, 'D', '0423088302', '2023-08-19 14:17:00', '2023-08-19 14:17:00'),
(197248, '20222', 10, 'SENIN', '13:00:00', '15:30:00', 'IF21W0407', 470864, 'D', '0423088302', '2023-08-19 14:17:00', '2023-08-19 14:17:00'),
(197249, '20222', 11, 'SENIN', '13:00:00', '15:30:00', 'IF21W0407', 470864, 'D', '0423088302', '2023-08-19 14:17:00', '2023-08-19 14:17:00'),
(197250, '20222', 12, 'SENIN', '13:00:00', '15:30:00', 'IF21W0407', 470864, 'D', '0423088302', '2023-08-19 14:17:00', '2023-08-19 14:17:00'),
(197251, '20222', 13, 'SENIN', '13:00:00', '15:30:00', 'IF21W0407', 470864, 'D', '0423088302', '2023-08-19 14:17:00', '2023-08-19 14:17:00'),
(197252, '20222', 14, 'SENIN', '13:00:00', '15:30:00', 'IF21W0407', 470864, 'D', '0423088302', '2023-08-19 14:17:00', '2023-08-19 14:17:00'),
(197253, '20222', 15, 'SENIN', '13:00:00', '15:30:00', 'IF21W0407', 470864, 'D', '0423088302', '2023-08-19 14:17:00', '2023-08-19 14:17:00'),
(197254, '20222', 16, 'SENIN', '13:00:00', '15:30:00', 'IF21W0407', 470864, 'D', '0423088302', '2023-08-19 14:17:00', '2023-08-19 14:17:00'),
(197367, '20222', 1, 'SENIN', '09:40:00', '12:10:00', 'IF21W0408', 469760, 'A', '0429018502', '2023-08-19 14:17:01', '2023-08-19 14:17:01'),
(197368, '20222', 2, 'SENIN', '09:40:00', '12:10:00', 'IF21W0408', 469760, 'A', '0429018502', '2023-08-19 14:17:01', '2023-08-19 14:17:01'),
(197369, '20222', 3, 'SENIN', '09:40:00', '12:10:00', 'IF21W0408', 469760, 'A', '0429018502', '2023-08-19 14:17:01', '2023-08-19 14:17:01'),
(197370, '20222', 4, 'SENIN', '09:40:00', '12:10:00', 'IF21W0408', 469760, 'A', '0429018502', '2023-08-19 14:17:01', '2023-08-19 14:17:01'),
(197371, '20222', 5, 'SENIN', '09:40:00', '12:10:00', 'IF21W0408', 469760, 'A', '0429018502', '2023-08-19 14:17:01', '2023-08-19 14:17:01'),
(197372, '20222', 6, 'SENIN', '09:40:00', '12:10:00', 'IF21W0408', 469760, 'A', '0429018502', '2023-08-19 14:17:01', '2023-08-19 14:17:01'),
(197373, '20222', 7, 'SENIN', '09:40:00', '12:10:00', 'IF21W0408', 469760, 'A', '0429018502', '2023-08-19 14:17:01', '2023-08-19 14:17:01'),
(197374, '20222', 8, 'SENIN', '09:40:00', '12:10:00', 'IF21W0408', 469760, 'A', '0429018502', '2023-08-19 14:17:01', '2023-08-19 14:17:01'),
(197447, '20222', 1, 'SENIN', '13:00:00', '15:30:00', 'IF21W0408', 470866, 'B', '0429018502', '2023-08-19 14:17:01', '2023-08-19 14:17:01'),
(197448, '20222', 2, 'SENIN', '13:00:00', '15:30:00', 'IF21W0408', 470866, 'B', '0429018502', '2023-08-19 14:17:01', '2023-08-19 14:17:01'),
(197449, '20222', 3, 'SENIN', '13:00:00', '15:30:00', 'IF21W0408', 470866, 'B', '0429018502', '2023-08-19 14:17:01', '2023-08-19 14:17:01'),
(197450, '20222', 4, 'SENIN', '13:00:00', '15:30:00', 'IF21W0408', 470866, 'B', '0429018502', '2023-08-19 14:17:01', '2023-08-19 14:17:01'),
(197451, '20222', 5, 'SENIN', '13:00:00', '15:30:00', 'IF21W0408', 470866, 'B', '0429018502', '2023-08-19 14:17:01', '2023-08-19 14:17:01'),
(197452, '20222', 6, 'SENIN', '13:00:00', '15:30:00', 'IF21W0408', 470866, 'B', '0429018502', '2023-08-19 14:17:01', '2023-08-19 14:17:01'),
(197453, '20222', 7, 'SENIN', '13:00:00', '15:30:00', 'IF21W0408', 470866, 'B', '0429018502', '2023-08-19 14:17:01', '2023-08-19 14:17:01'),
(197454, '20222', 8, 'SENIN', '13:00:00', '15:30:00', 'IF21W0408', 470866, 'B', '0429018502', '2023-08-19 14:17:01', '2023-08-19 14:17:01'),
(197455, '20222', 9, 'SENIN', '13:00:00', '15:30:00', 'IF21W0408', 470866, 'B', '0429018502', '2023-08-19 14:17:01', '2023-08-19 14:17:01'),
(197456, '20222', 10, 'SENIN', '13:00:00', '15:30:00', 'IF21W0408', 470866, 'B', '0429018502', '2023-08-19 14:17:01', '2023-08-19 14:17:01'),
(197457, '20222', 11, 'SENIN', '13:00:00', '15:30:00', 'IF21W0408', 470866, 'B', '0429018502', '2023-08-19 14:17:01', '2023-08-19 14:17:01'),
(197458, '20222', 12, 'SENIN', '13:00:00', '15:30:00', 'IF21W0408', 470866, 'B', '0429018502', '2023-08-19 14:17:01', '2023-08-19 14:17:01'),
(197459, '20222', 13, 'SENIN', '13:00:00', '15:30:00', 'IF21W0408', 470866, 'B', '0429018502', '2023-08-19 14:17:01', '2023-08-19 14:17:01'),
(197460, '20222', 14, 'SENIN', '13:00:00', '15:30:00', 'IF21W0408', 470866, 'B', '0429018502', '2023-08-19 14:17:01', '2023-08-19 14:17:01'),
(197461, '20222', 15, 'SENIN', '13:00:00', '15:30:00', 'IF21W0408', 470866, 'B', '0429018502', '2023-08-19 14:17:01', '2023-08-19 14:17:01'),
(197462, '20222', 16, 'SENIN', '13:00:00', '15:30:00', 'IF21W0408', 470866, 'B', '0429018502', '2023-08-19 14:17:01', '2023-08-19 14:17:01'),
(197575, '20222', 1, 'SENIN', '13:00:00', '14:40:00', 'IF21W0610', 470900, 'B', '0418128701', '2023-08-19 14:17:05', '2023-08-19 14:17:05'),
(197576, '20222', 2, 'SENIN', '13:00:00', '14:40:00', 'IF21W0610', 470900, 'B', '0418128701', '2023-08-19 14:17:05', '2023-08-19 14:17:05'),
(197577, '20222', 3, 'SENIN', '13:00:00', '14:40:00', 'IF21W0610', 470900, 'B', '0418128701', '2023-08-19 14:17:05', '2023-08-19 14:17:05'),
(197578, '20222', 4, 'SENIN', '13:00:00', '14:40:00', 'IF21W0610', 470900, 'B', '0418128701', '2023-08-19 14:17:05', '2023-08-19 14:17:05'),
(197579, '20222', 5, 'SENIN', '13:00:00', '14:40:00', 'IF21W0610', 470900, 'B', '0418128701', '2023-08-19 14:17:05', '2023-08-19 14:17:05'),
(197580, '20222', 6, 'SENIN', '13:00:00', '14:40:00', 'IF21W0610', 470900, 'B', '0418128701', '2023-08-19 14:17:05', '2023-08-19 14:17:05'),
(197581, '20222', 7, 'SENIN', '13:00:00', '14:40:00', 'IF21W0610', 470900, 'B', '0418128701', '2023-08-19 14:17:05', '2023-08-19 14:17:05'),
(197582, '20222', 8, 'SENIN', '13:00:00', '14:40:00', 'IF21W0610', 470900, 'B', '0418128701', '2023-08-19 14:17:05', '2023-08-19 14:17:05'),
(197583, '20222', 9, 'SENIN', '13:00:00', '14:40:00', 'IF21W0610', 470900, 'B', '0418128701', '2023-08-19 14:17:05', '2023-08-19 14:17:05'),
(197584, '20222', 10, 'SENIN', '13:00:00', '14:40:00', 'IF21W0610', 470900, 'B', '0418128701', '2023-08-19 14:17:05', '2023-08-19 14:17:05'),
(197585, '20222', 11, 'SENIN', '13:00:00', '14:40:00', 'IF21W0610', 470900, 'B', '0418128701', '2023-08-19 14:17:05', '2023-08-19 14:17:05'),
(197586, '20222', 12, 'SENIN', '13:00:00', '14:40:00', 'IF21W0610', 470900, 'B', '0418128701', '2023-08-19 14:17:05', '2023-08-19 14:17:05'),
(197587, '20222', 13, 'SENIN', '13:00:00', '14:40:00', 'IF21W0610', 470900, 'B', '0418128701', '2023-08-19 14:17:05', '2023-08-19 14:17:05'),
(197588, '20222', 14, 'SENIN', '13:00:00', '14:40:00', 'IF21W0610', 470900, 'B', '0418128701', '2023-08-19 14:17:05', '2023-08-19 14:17:05'),
(197589, '20222', 15, 'SENIN', '13:00:00', '14:40:00', 'IF21W0610', 470900, 'B', '0418128701', '2023-08-19 14:17:05', '2023-08-19 14:17:05'),
(197590, '20222', 16, 'SENIN', '13:00:00', '14:40:00', 'IF21W0610', 470900, 'B', '0418128701', '2023-08-19 14:17:05', '2023-08-19 14:17:05'),
(197607, '20222', 1, 'SENIN', '08:50:00', '10:30:00', 'IF21W0610', 470901, 'C', '0418128701', '2023-08-19 14:17:05', '2023-08-19 14:17:05'),
(197608, '20222', 2, 'SENIN', '08:50:00', '10:30:00', 'IF21W0610', 470901, 'C', '0418128701', '2023-08-19 14:17:05', '2023-08-19 14:17:05'),
(197609, '20222', 3, 'SENIN', '08:50:00', '10:30:00', 'IF21W0610', 470901, 'C', '0418128701', '2023-08-19 14:17:05', '2023-08-19 14:17:05'),
(197610, '20222', 4, 'SENIN', '08:50:00', '10:30:00', 'IF21W0610', 470901, 'C', '0418128701', '2023-08-19 14:17:05', '2023-08-19 14:17:05'),
(197611, '20222', 5, 'SENIN', '08:50:00', '10:30:00', 'IF21W0610', 470901, 'C', '0418128701', '2023-08-19 14:17:05', '2023-08-19 14:17:05'),
(197612, '20222', 6, 'SENIN', '08:50:00', '10:30:00', 'IF21W0610', 470901, 'C', '0418128701', '2023-08-19 14:17:05', '2023-08-19 14:17:05'),
(197613, '20222', 7, 'SELASA', '08:50:00', '10:30:00', 'IF21W0610', 470901, 'C', '0418128701', '2023-08-19 14:17:05', '2023-08-19 14:17:05'),
(197614, '20222', 8, 'SENIN', '08:50:00', '10:30:00', 'IF21W0610', 470901, 'C', '0418128701', '2023-08-19 14:17:05', '2023-08-19 14:17:05'),
(197615, '20222', 9, 'SENIN', '08:50:00', '10:30:00', 'IF21W0610', 470901, 'C', '0418128701', '2023-08-19 14:17:05', '2023-08-19 14:17:05'),
(197616, '20222', 10, 'SENIN', '08:50:00', '10:30:00', 'IF21W0610', 470901, 'C', '0418128701', '2023-08-19 14:17:05', '2023-08-19 14:17:05'),
(197617, '20222', 11, 'SENIN', '08:50:00', '10:30:00', 'IF21W0610', 470901, 'C', '0418128701', '2023-08-19 14:17:05', '2023-08-19 14:17:05'),
(197618, '20222', 12, 'SENIN', '08:50:00', '10:30:00', 'IF21W0610', 470901, 'C', '0418128701', '2023-08-19 14:17:05', '2023-08-19 14:17:05'),
(197619, '20222', 13, 'SENIN', '08:50:00', '10:30:00', 'IF21W0610', 470901, 'C', '0418128701', '2023-08-19 14:17:05', '2023-08-19 14:17:05'),
(197620, '20222', 14, 'SENIN', '08:50:00', '10:30:00', 'IF21W0610', 470901, 'C', '0418128701', '2023-08-19 14:17:05', '2023-08-19 14:17:05'),
(197621, '20222', 15, 'SENIN', '08:50:00', '10:30:00', 'IF21W0610', 470901, 'C', '0418128701', '2023-08-19 14:17:05', '2023-08-19 14:17:05'),
(197622, '20222', 16, 'SENIN', '08:50:00', '10:30:00', 'IF21W0610', 470901, 'C', '0418128701', '2023-08-19 14:17:05', '2023-08-19 14:17:05'),
(199751, '20222', 1, 'SELASA', '15:40:00', '18:10:00', 'IF21W0408', 470867, 'C', '0430048803', '2023-08-19 14:17:01', '2023-08-19 14:17:01'),
(199752, '20222', 2, 'SELASA', '15:40:00', '18:10:00', 'IF21W0408', 470867, 'C', '0430048803', '2023-08-19 14:17:01', '2023-08-19 14:17:01'),
(199753, '20222', 3, 'SELASA', '15:40:00', '18:10:00', 'IF21W0408', 470867, 'C', '0430048803', '2023-08-19 14:17:01', '2023-08-19 14:17:01'),
(199754, '20222', 4, 'SELASA', '15:40:00', '18:10:00', 'IF21W0408', 470867, 'C', '0430048803', '2023-08-19 14:17:01', '2023-08-19 14:17:01'),
(199755, '20222', 5, 'SELASA', '15:40:00', '18:10:00', 'IF21W0408', 470867, 'C', '0430048803', '2023-08-19 14:17:01', '2023-08-19 14:17:01'),
(199756, '20222', 6, 'SELASA', '15:40:00', '18:10:00', 'IF21W0408', 470867, 'C', '0430048803', '2023-08-19 14:17:01', '2023-08-19 14:17:01'),
(199757, '20222', 7, 'SELASA', '15:40:00', '18:10:00', 'IF21W0408', 470867, 'C', '0430048803', '2023-08-19 14:17:01', '2023-08-19 14:17:01'),
(199758, '20222', 8, 'SELASA', '15:40:00', '18:10:00', 'IF21W0408', 470867, 'C', '0430048803', '2023-08-19 14:17:01', '2023-08-19 14:17:01'),
(199759, '20222', 9, 'SELASA', '15:40:00', '18:10:00', 'IF21W0408', 470867, 'C', '0430048803', '2023-08-19 14:17:01', '2023-08-19 14:17:01'),
(199760, '20222', 10, 'SELASA', '15:40:00', '18:10:00', 'IF21W0408', 470867, 'C', '0430048803', '2023-08-19 14:17:01', '2023-08-19 14:17:01'),
(199761, '20222', 11, 'SELASA', '15:40:00', '18:10:00', 'IF21W0408', 470867, 'C', '0430048803', '2023-08-19 14:17:01', '2023-08-19 14:17:01'),
(199762, '20222', 12, 'SELASA', '15:40:00', '18:10:00', 'IF21W0408', 470867, 'C', '0430048803', '2023-08-19 14:17:01', '2023-08-19 14:17:01'),
(199763, '20222', 13, 'SELASA', '15:40:00', '18:10:00', 'IF21W0408', 470867, 'C', '0430048803', '2023-08-19 14:17:02', '2023-08-19 14:17:02'),
(199764, '20222', 14, 'SELASA', '15:40:00', '18:10:00', 'IF21W0408', 470867, 'C', '0430048803', '2023-08-19 14:17:02', '2023-08-19 14:17:02'),
(199765, '20222', 15, 'SELASA', '15:40:00', '18:10:00', 'IF21W0408', 470867, 'C', '0430048803', '2023-08-19 14:17:02', '2023-08-19 14:17:02'),
(199766, '20222', 16, 'SELASA', '15:40:00', '18:10:00', 'IF21W0408', 470867, 'C', '0430048803', '2023-08-19 14:17:02', '2023-08-19 14:17:02'),
(206213, '20222', 1, 'SENIN', '10:40:00', '12:20:00', 'IF21W0610', 469776, 'A', '0418128701', '2023-08-19 14:17:04', '2023-08-19 14:17:04'),
(206214, '20222', 2, 'SENIN', '10:40:00', '12:20:00', 'IF21W0610', 469776, 'A', '0418128701', '2023-08-19 14:17:04', '2023-08-19 14:17:04'),
(206215, '20222', 3, 'SENIN', '10:40:00', '12:20:00', 'IF21W0610', 469776, 'A', '0418128701', '2023-08-19 14:17:04', '2023-08-19 14:17:04'),
(206216, '20222', 4, 'SENIN', '10:40:00', '12:20:00', 'IF21W0610', 469776, 'A', '0418128701', '2023-08-19 14:17:05', '2023-08-19 14:17:05'),
(206217, '20222', 5, 'SENIN', '10:40:00', '12:20:00', 'IF21W0610', 469776, 'A', '0418128701', '2023-08-19 14:17:05', '2023-08-19 14:17:05'),
(206218, '20222', 6, 'SENIN', '10:40:00', '12:20:00', 'IF21W0610', 469776, 'A', '0418128701', '2023-08-19 14:17:05', '2023-08-19 14:17:05'),
(206219, '20222', 7, 'SENIN', '10:40:00', '12:20:00', 'IF21W0610', 469776, 'A', '0418128701', '2023-08-19 14:17:05', '2023-08-19 14:17:05'),
(206220, '20222', 8, 'SENIN', '10:40:00', '12:20:00', 'IF21W0610', 469776, 'A', '0418128701', '2023-08-19 14:17:05', '2023-08-19 14:17:05'),
(206221, '20222', 9, 'SENIN', '10:40:00', '12:20:00', 'IF21W0610', 469776, 'A', '0418128701', '2023-08-19 14:17:05', '2023-08-19 14:17:05'),
(206222, '20222', 10, 'SENIN', '10:40:00', '12:20:00', 'IF21W0610', 469776, 'A', '0418128701', '2023-08-19 14:17:05', '2023-08-19 14:17:05'),
(206223, '20222', 11, 'SENIN', '10:40:00', '12:20:00', 'IF21W0610', 469776, 'A', '0418128701', '2023-08-19 14:17:05', '2023-08-19 14:17:05'),
(206224, '20222', 12, 'SENIN', '10:40:00', '12:20:00', 'IF21W0610', 469776, 'A', '0418128701', '2023-08-19 14:17:05', '2023-08-19 14:17:05'),
(206225, '20222', 13, 'SENIN', '10:40:00', '12:20:00', 'IF21W0610', 469776, 'A', '0418128701', '2023-08-19 14:17:05', '2023-08-19 14:17:05'),
(206226, '20222', 14, 'SENIN', '10:40:00', '12:20:00', 'IF21W0610', 469776, 'A', '0418128701', '2023-08-19 14:17:05', '2023-08-19 14:17:05'),
(206227, '20222', 15, 'SENIN', '10:40:00', '12:20:00', 'IF21W0610', 469776, 'A', '0418128701', '2023-08-19 14:17:05', '2023-08-19 14:17:05'),
(206228, '20222', 16, 'SENIN', '10:40:00', '12:20:00', 'IF21W0610', 469776, 'A', '0418128701', '2023-08-19 14:17:05', '2023-08-19 14:17:05'),
(206229, '20222', 1, 'SENIN', '07:00:00', '09:30:00', 'IF21W0407', 469756, 'A', '0423088302', '2023-08-19 14:16:59', '2023-08-19 14:16:59'),
(206230, '20222', 2, 'SENIN', '07:00:00', '09:30:00', 'IF21W0407', 469756, 'A', '0423088302', '2023-08-19 14:16:59', '2023-08-19 14:16:59'),
(206231, '20222', 3, 'SENIN', '07:00:00', '09:30:00', 'IF21W0407', 469756, 'A', '0423088302', '2023-08-19 14:16:59', '2023-08-19 14:16:59'),
(206232, '20222', 4, 'SENIN', '07:00:00', '09:30:00', 'IF21W0407', 469756, 'A', '0423088302', '2023-08-19 14:16:59', '2023-08-19 14:16:59'),
(206233, '20222', 5, 'SENIN', '07:00:00', '09:30:00', 'IF21W0407', 469756, 'A', '0423088302', '2023-08-19 14:16:59', '2023-08-19 14:16:59'),
(206234, '20222', 6, 'SENIN', '07:00:00', '09:30:00', 'IF21W0407', 469756, 'A', '0423088302', '2023-08-19 14:16:59', '2023-08-19 14:16:59'),
(206235, '20222', 7, 'SENIN', '07:00:00', '09:30:00', 'IF21W0407', 469756, 'A', '0423088302', '2023-08-19 14:17:00', '2023-08-19 14:17:00'),
(206236, '20222', 8, 'SENIN', '07:00:00', '09:30:00', 'IF21W0407', 469756, 'A', '0423088302', '2023-08-19 14:17:00', '2023-08-19 14:17:00'),
(206237, '20222', 9, 'SENIN', '07:00:00', '09:30:00', 'IF21W0407', 469756, 'A', '0423088302', '2023-08-19 14:17:00', '2023-08-19 14:17:00'),
(206238, '20222', 10, 'SENIN', '07:00:00', '09:30:00', 'IF21W0407', 469756, 'A', '0423088302', '2023-08-19 14:17:00', '2023-08-19 14:17:00'),
(206239, '20222', 11, 'SENIN', '07:00:00', '09:30:00', 'IF21W0407', 469756, 'A', '0423088302', '2023-08-19 14:17:00', '2023-08-19 14:17:00'),
(206240, '20222', 12, 'SENIN', '07:00:00', '09:30:00', 'IF21W0407', 469756, 'A', '0423088302', '2023-08-19 14:17:00', '2023-08-19 14:17:00'),
(206241, '20222', 13, 'SENIN', '07:00:00', '09:30:00', 'IF21W0407', 469756, 'A', '0423088302', '2023-08-19 14:17:00', '2023-08-19 14:17:00'),
(206242, '20222', 14, 'SENIN', '07:00:00', '09:30:00', 'IF21W0407', 469756, 'A', '0423088302', '2023-08-19 14:17:00', '2023-08-19 14:17:00'),
(206243, '20222', 15, 'SENIN', '07:00:00', '09:30:00', 'IF21W0407', 469756, 'A', '0423088302', '2023-08-19 14:17:00', '2023-08-19 14:17:00'),
(206244, '20222', 16, 'SENIN', '07:00:00', '09:30:00', 'IF21W0407', 469756, 'A', '0423088302', '2023-08-19 14:17:00', '2023-08-19 14:17:00'),
(209256, '20222', 1, 'RABU', '14:50:00', '16:30:00', 'IF21W0607', 470891, 'C', '0423088302', '2023-08-19 14:17:03', '2023-08-19 14:17:03'),
(209257, '20222', 2, 'RABU', '14:50:00', '16:30:00', 'IF21W0607', 470891, 'C', '0423088302', '2023-08-19 14:17:03', '2023-08-19 14:17:03'),
(209258, '20222', 3, 'RABU', '14:50:00', '16:30:00', 'IF21W0607', 470891, 'C', '0423088302', '2023-08-19 14:17:03', '2023-08-19 14:17:03'),
(209259, '20222', 4, 'RABU', '14:50:00', '16:30:00', 'IF21W0607', 470891, 'C', '0423088302', '2023-08-19 14:17:03', '2023-08-19 14:17:03'),
(209260, '20222', 5, 'RABU', '14:50:00', '16:30:00', 'IF21W0607', 470891, 'C', '0423088302', '2023-08-19 14:17:03', '2023-08-19 14:17:03'),
(209261, '20222', 6, 'RABU', '14:50:00', '16:30:00', 'IF21W0607', 470891, 'C', '0423088302', '2023-08-19 14:17:03', '2023-08-19 14:17:03'),
(209262, '20222', 7, 'RABU', '14:50:00', '16:30:00', 'IF21W0607', 470891, 'C', '0423088302', '2023-08-19 14:17:03', '2023-08-19 14:17:03'),
(209263, '20222', 8, 'RABU', '14:50:00', '16:30:00', 'IF21W0607', 470891, 'C', '0423088302', '2023-08-19 14:17:03', '2023-08-19 14:17:03'),
(209264, '20222', 9, 'RABU', '14:50:00', '16:30:00', 'IF21W0607', 470891, 'C', '0423088302', '2023-08-19 14:17:03', '2023-08-19 14:17:03'),
(209265, '20222', 10, 'RABU', '14:50:00', '16:30:00', 'IF21W0607', 470891, 'C', '0423088302', '2023-08-19 14:17:03', '2023-08-19 14:17:03'),
(209266, '20222', 11, 'RABU', '14:50:00', '16:30:00', 'IF21W0607', 470891, 'C', '0423088302', '2023-08-19 14:17:03', '2023-08-19 14:17:03'),
(209267, '20222', 12, 'RABU', '14:50:00', '16:30:00', 'IF21W0607', 470891, 'C', '0423088302', '2023-08-19 14:17:03', '2023-08-19 14:17:03'),
(209268, '20222', 13, 'RABU', '14:50:00', '16:30:00', 'IF21W0607', 470891, 'C', '0423088302', '2023-08-19 14:17:03', '2023-08-19 14:17:03'),
(209269, '20222', 14, 'RABU', '14:50:00', '16:30:00', 'IF21W0607', 470891, 'C', '0423088302', '2023-08-19 14:17:03', '2023-08-19 14:17:03'),
(209270, '20222', 15, 'RABU', '14:50:00', '16:30:00', 'IF21W0607', 470891, 'C', '0423088302', '2023-08-19 14:17:03', '2023-08-19 14:17:03'),
(209271, '20222', 16, 'RABU', '14:50:00', '16:30:00', 'IF21W0607', 470891, 'C', '0423088302', '2023-08-19 14:17:03', '2023-08-19 14:17:03'),
(211780, '20222', 1, 'KAMIS', '13:00:00', '15:30:00', 'IF21W0407', 470863, 'C', 'IF306', '2023-08-19 14:17:00', '2023-08-19 14:17:00'),
(211781, '20222', 2, 'KAMIS', '13:00:00', '15:30:00', 'IF21W0407', 470863, 'C', 'IF306', '2023-08-19 14:17:00', '2023-08-19 14:17:00'),
(211782, '20222', 3, 'KAMIS', '13:00:00', '15:30:00', 'IF21W0407', 470863, 'C', 'IF306', '2023-08-19 14:17:00', '2023-08-19 14:17:00'),
(211783, '20222', 4, 'KAMIS', '13:00:00', '15:30:00', 'IF21W0407', 470863, 'C', 'IF306', '2023-08-19 14:17:00', '2023-08-19 14:17:00'),
(211784, '20222', 5, 'KAMIS', '13:00:00', '15:30:00', 'IF21W0407', 470863, 'C', 'IF306', '2023-08-19 14:17:00', '2023-08-19 14:17:00'),
(211785, '20222', 6, 'KAMIS', '13:00:00', '15:30:00', 'IF21W0407', 470863, 'C', 'IF306', '2023-08-19 14:17:00', '2023-08-19 14:17:00'),
(211786, '20222', 7, 'KAMIS', '13:00:00', '15:30:00', 'IF21W0407', 470863, 'C', 'IF306', '2023-08-19 14:17:00', '2023-08-19 14:17:00'),
(211787, '20222', 8, 'KAMIS', '13:00:00', '15:30:00', 'IF21W0407', 470863, 'C', 'IF306', '2023-08-19 14:17:00', '2023-08-19 14:17:00'),
(211788, '20222', 9, 'KAMIS', '13:00:00', '15:30:00', 'IF21W0407', 470863, 'C', 'IF306', '2023-08-19 14:17:00', '2023-08-19 14:17:00'),
(211789, '20222', 10, 'KAMIS', '13:00:00', '15:30:00', 'IF21W0407', 470863, 'C', 'IF306', '2023-08-19 14:17:00', '2023-08-19 14:17:00'),
(211790, '20222', 11, 'KAMIS', '13:00:00', '15:30:00', 'IF21W0407', 470863, 'C', 'IF306', '2023-08-19 14:17:00', '2023-08-19 14:17:00'),
(211791, '20222', 12, 'KAMIS', '13:00:00', '15:30:00', 'IF21W0407', 470863, 'C', 'IF306', '2023-08-19 14:17:00', '2023-08-19 14:17:00'),
(211792, '20222', 13, 'KAMIS', '13:00:00', '15:30:00', 'IF21W0407', 470863, 'C', 'IF306', '2023-08-19 14:17:00', '2023-08-19 14:17:00'),
(211793, '20222', 14, 'KAMIS', '13:00:00', '15:30:00', 'IF21W0407', 470863, 'C', 'IF306', '2023-08-19 14:17:00', '2023-08-19 14:17:00'),
(211794, '20222', 15, 'KAMIS', '13:00:00', '15:30:00', 'IF21W0407', 470863, 'C', 'IF306', '2023-08-19 14:17:00', '2023-08-19 14:17:00'),
(211795, '20222', 16, 'KAMIS', '13:00:00', '15:30:00', 'IF21W0407', 470863, 'C', 'IF306', '2023-08-19 14:17:00', '2023-08-19 14:17:00'),
(211797, '20222', 1, 'KAMIS', '15:40:00', '18:10:00', 'IF21W0408', 470868, 'D', '0430048803', '2023-08-19 14:17:02', '2023-08-19 14:17:02'),
(211798, '20222', 2, 'KAMIS', '15:40:00', '18:10:00', 'IF21W0408', 470868, 'D', '0430048803', '2023-08-19 14:17:02', '2023-08-19 14:17:02'),
(211799, '20222', 3, 'KAMIS', '15:40:00', '18:10:00', 'IF21W0408', 470868, 'D', '0430048803', '2023-08-19 14:17:02', '2023-08-19 14:17:02'),
(211800, '20222', 4, 'KAMIS', '15:40:00', '18:10:00', 'IF21W0408', 470868, 'D', '0430048803', '2023-08-19 14:17:02', '2023-08-19 14:17:02'),
(211801, '20222', 5, 'KAMIS', '15:40:00', '18:10:00', 'IF21W0408', 470868, 'D', '0430048803', '2023-08-19 14:17:02', '2023-08-19 14:17:02'),
(211802, '20222', 6, 'KAMIS', '15:40:00', '18:10:00', 'IF21W0408', 470868, 'D', '0430048803', '2023-08-19 14:17:02', '2023-08-19 14:17:02'),
(211803, '20222', 7, 'KAMIS', '15:40:00', '18:10:00', 'IF21W0408', 470868, 'D', '0430048803', '2023-08-19 14:17:02', '2023-08-19 14:17:02'),
(211804, '20222', 8, 'KAMIS', '15:40:00', '18:10:00', 'IF21W0408', 470868, 'D', '0430048803', '2023-08-19 14:17:02', '2023-08-19 14:17:02'),
(211805, '20222', 9, 'KAMIS', '15:40:00', '18:10:00', 'IF21W0408', 470868, 'D', '0430048803', '2023-08-19 14:17:02', '2023-08-19 14:17:02'),
(211806, '20222', 10, 'KAMIS', '15:40:00', '18:10:00', 'IF21W0408', 470868, 'D', '0430048803', '2023-08-19 14:17:02', '2023-08-19 14:17:02'),
(211807, '20222', 11, 'KAMIS', '15:40:00', '18:10:00', 'IF21W0408', 470868, 'D', '0430048803', '2023-08-19 14:17:02', '2023-08-19 14:17:02'),
(211808, '20222', 12, 'KAMIS', '15:40:00', '18:10:00', 'IF21W0408', 470868, 'D', '0430048803', '2023-08-19 14:17:02', '2023-08-19 14:17:02'),
(211809, '20222', 13, 'KAMIS', '15:40:00', '18:10:00', 'IF21W0408', 470868, 'D', '0430048803', '2023-08-19 14:17:02', '2023-08-19 14:17:02'),
(211810, '20222', 14, 'KAMIS', '15:40:00', '18:10:00', 'IF21W0408', 470868, 'D', '0430048803', '2023-08-19 14:17:02', '2023-08-19 14:17:02'),
(211811, '20222', 15, 'KAMIS', '15:40:00', '18:10:00', 'IF21W0408', 470868, 'D', '0430048803', '2023-08-19 14:17:02', '2023-08-19 14:17:02'),
(211812, '20222', 16, 'KAMIS', '15:40:00', '18:10:00', 'IF21W0408', 470868, 'D', '0430048803', '2023-08-19 14:17:02', '2023-08-19 14:17:02'),
(211936, '20222', 1, 'KAMIS', '08:50:00', '10:30:00', 'IF21W0607', 470890, 'B', '0402088504', '2023-08-19 14:17:02', '2023-08-19 14:17:02'),
(211937, '20222', 2, 'KAMIS', '08:50:00', '10:30:00', 'IF21W0607', 470890, 'B', '0402088504', '2023-08-19 14:17:02', '2023-08-19 14:17:02'),
(211938, '20222', 3, 'KAMIS', '08:50:00', '10:30:00', 'IF21W0607', 470890, 'B', '0402088504', '2023-08-19 14:17:02', '2023-08-19 14:17:02'),
(211939, '20222', 4, 'KAMIS', '08:50:00', '10:30:00', 'IF21W0607', 470890, 'B', '0402088504', '2023-08-19 14:17:02', '2023-08-19 14:17:02'),
(211940, '20222', 5, 'KAMIS', '08:50:00', '10:30:00', 'IF21W0607', 470890, 'B', '0402088504', '2023-08-19 14:17:02', '2023-08-19 14:17:02'),
(211941, '20222', 6, 'KAMIS', '08:50:00', '10:30:00', 'IF21W0607', 470890, 'B', '0402088504', '2023-08-19 14:17:02', '2023-08-19 14:17:02'),
(211942, '20222', 7, 'KAMIS', '08:50:00', '10:30:00', 'IF21W0607', 470890, 'B', '0402088504', '2023-08-19 14:17:02', '2023-08-19 14:17:02'),
(211943, '20222', 8, 'KAMIS', '08:50:00', '10:30:00', 'IF21W0607', 470890, 'B', '0402088504', '2023-08-19 14:17:02', '2023-08-19 14:17:02'),
(211944, '20222', 9, 'KAMIS', '08:50:00', '10:30:00', 'IF21W0607', 470890, 'B', '0402088504', '2023-08-19 14:17:02', '2023-08-19 14:17:02'),
(211945, '20222', 10, 'KAMIS', '08:50:00', '10:30:00', 'IF21W0607', 470890, 'B', '0402088504', '2023-08-19 14:17:02', '2023-08-19 14:17:02'),
(211946, '20222', 11, 'KAMIS', '08:50:00', '10:30:00', 'IF21W0607', 470890, 'B', '0402088504', '2023-08-19 14:17:02', '2023-08-19 14:17:02'),
(211947, '20222', 12, 'KAMIS', '08:50:00', '10:30:00', 'IF21W0607', 470890, 'B', '0402088504', '2023-08-19 14:17:02', '2023-08-19 14:17:02'),
(211948, '20222', 13, 'KAMIS', '08:50:00', '10:30:00', 'IF21W0607', 470890, 'B', '0402088504', '2023-08-19 14:17:02', '2023-08-19 14:17:02'),
(211949, '20222', 14, 'KAMIS', '08:50:00', '10:30:00', 'IF21W0607', 470890, 'B', '0402088504', '2023-08-19 14:17:02', '2023-08-19 14:17:02'),
(211950, '20222', 15, 'KAMIS', '08:50:00', '10:30:00', 'IF21W0607', 470890, 'B', '0402088504', '2023-08-19 14:17:02', '2023-08-19 14:17:02'),
(211951, '20222', 16, 'KAMIS', '08:50:00', '10:30:00', 'IF21W0607', 470890, 'B', '0402088504', '2023-08-19 14:17:02', '2023-08-19 14:17:02'),
(213081, '20222', 1, 'JUMAT', '14:50:00', '16:30:00', 'IF21W0608', 469768, 'A', '0429018502', '2023-08-19 14:17:03', '2023-08-19 14:17:03'),
(213082, '20222', 2, 'JUMAT', '14:50:00', '16:30:00', 'IF21W0608', 469768, 'A', '0429018502', '2023-08-19 14:17:03', '2023-08-19 14:17:03'),
(213083, '20222', 3, 'JUMAT', '14:50:00', '16:30:00', 'IF21W0608', 469768, 'A', '0429018502', '2023-08-19 14:17:03', '2023-08-19 14:17:03'),
(213084, '20222', 4, 'JUMAT', '14:50:00', '16:30:00', 'IF21W0608', 469768, 'A', '0429018502', '2023-08-19 14:17:03', '2023-08-19 14:17:03'),
(213085, '20222', 5, 'JUMAT', '14:50:00', '16:30:00', 'IF21W0608', 469768, 'A', '0429018502', '2023-08-19 14:17:03', '2023-08-19 14:17:03'),
(213086, '20222', 6, 'JUMAT', '14:50:00', '16:30:00', 'IF21W0608', 469768, 'A', '0429018502', '2023-08-19 14:17:03', '2023-08-19 14:17:03'),
(213087, '20222', 7, 'JUMAT', '14:50:00', '16:30:00', 'IF21W0608', 469768, 'A', '0429018502', '2023-08-19 14:17:03', '2023-08-19 14:17:03'),
(213088, '20222', 8, 'JUMAT', '14:50:00', '16:30:00', 'IF21W0608', 469768, 'A', '0429018502', '2023-08-19 14:17:03', '2023-08-19 14:17:03'),
(213089, '20222', 9, 'JUMAT', '14:50:00', '16:30:00', 'IF21W0608', 469768, 'A', '0429018502', '2023-08-19 14:17:03', '2023-08-19 14:17:03'),
(213090, '20222', 10, 'JUMAT', '14:50:00', '16:30:00', 'IF21W0608', 469768, 'A', '0429018502', '2023-08-19 14:17:03', '2023-08-19 14:17:03'),
(213091, '20222', 11, 'JUMAT', '14:50:00', '16:30:00', 'IF21W0608', 469768, 'A', '0429018502', '2023-08-19 14:17:03', '2023-08-19 14:17:03'),
(213092, '20222', 12, 'JUMAT', '14:50:00', '16:30:00', 'IF21W0608', 469768, 'A', '0429018502', '2023-08-19 14:17:03', '2023-08-19 14:17:03'),
(213093, '20222', 13, 'JUMAT', '14:50:00', '16:30:00', 'IF21W0608', 469768, 'A', '0429018502', '2023-08-19 14:17:03', '2023-08-19 14:17:03'),
(213094, '20222', 14, 'JUMAT', '14:50:00', '16:30:00', 'IF21W0608', 469768, 'A', '0429018502', '2023-08-19 14:17:03', '2023-08-19 14:17:03'),
(213095, '20222', 15, 'JUMAT', '14:50:00', '16:30:00', 'IF21W0608', 469768, 'A', '0429018502', '2023-08-19 14:17:03', '2023-08-19 14:17:03'),
(213096, '20222', 16, 'JUMAT', '14:50:00', '16:30:00', 'IF21W0608', 469768, 'A', '0429018502', '2023-08-19 14:17:03', '2023-08-19 14:17:03'),
(213097, '20222', 1, 'JUMAT', '08:50:00', '10:30:00', 'IF21W0608', 470893, 'B', '0430048803', '2023-08-19 14:17:03', '2023-08-19 14:17:03'),
(213098, '20222', 2, 'JUMAT', '08:50:00', '10:30:00', 'IF21W0608', 470893, 'B', '0430048803', '2023-08-19 14:17:03', '2023-08-19 14:17:03'),
(213099, '20222', 3, 'JUMAT', '08:50:00', '10:30:00', 'IF21W0608', 470893, 'B', '0430048803', '2023-08-19 14:17:03', '2023-08-19 14:17:03'),
(213100, '20222', 4, 'JUMAT', '08:50:00', '10:30:00', 'IF21W0608', 470893, 'B', '0430048803', '2023-08-19 14:17:03', '2023-08-19 14:17:03'),
(213101, '20222', 5, 'JUMAT', '08:50:00', '10:30:00', 'IF21W0608', 470893, 'B', '0430048803', '2023-08-19 14:17:03', '2023-08-19 14:17:03'),
(213102, '20222', 6, 'JUMAT', '08:50:00', '10:30:00', 'IF21W0608', 470893, 'B', '0430048803', '2023-08-19 14:17:03', '2023-08-19 14:17:03'),
(213103, '20222', 7, 'JUMAT', '08:50:00', '10:30:00', 'IF21W0608', 470893, 'B', '0430048803', '2023-08-19 14:17:03', '2023-08-19 14:17:03'),
(213104, '20222', 8, 'JUMAT', '08:50:00', '10:30:00', 'IF21W0608', 470893, 'B', '0430048803', '2023-08-19 14:17:03', '2023-08-19 14:17:03'),
(213105, '20222', 9, 'JUMAT', '08:50:00', '10:30:00', 'IF21W0608', 470893, 'B', '0430048803', '2023-08-19 14:17:03', '2023-08-19 14:17:03'),
(213106, '20222', 10, 'JUMAT', '08:50:00', '10:30:00', 'IF21W0608', 470893, 'B', '0430048803', '2023-08-19 14:17:03', '2023-08-19 14:17:03'),
(213107, '20222', 11, 'JUMAT', '08:50:00', '10:30:00', 'IF21W0608', 470893, 'B', '0430048803', '2023-08-19 14:17:03', '2023-08-19 14:17:03'),
(213108, '20222', 12, 'JUMAT', '08:50:00', '10:30:00', 'IF21W0608', 470893, 'B', '0430048803', '2023-08-19 14:17:03', '2023-08-19 14:17:03'),
(213109, '20222', 13, 'JUMAT', '08:50:00', '10:30:00', 'IF21W0608', 470893, 'B', '0430048803', '2023-08-19 14:17:03', '2023-08-19 14:17:03'),
(213110, '20222', 14, 'JUMAT', '08:50:00', '10:30:00', 'IF21W0608', 470893, 'B', '0430048803', '2023-08-19 14:17:03', '2023-08-19 14:17:03'),
(213111, '20222', 15, 'JUMAT', '08:50:00', '10:30:00', 'IF21W0608', 470893, 'B', '0430048803', '2023-08-19 14:17:03', '2023-08-19 14:17:03'),
(213112, '20222', 16, 'JUMAT', '08:50:00', '10:30:00', 'IF21W0608', 470893, 'B', '0430048803', '2023-08-19 14:17:04', '2023-08-19 14:17:04'),
(213113, '20222', 1, 'JUMAT', '13:00:00', '14:40:00', 'IF21W0608', 470894, 'C', '0430048803', '2023-08-19 14:17:04', '2023-08-19 14:17:04'),
(213114, '20222', 2, 'JUMAT', '13:00:00', '14:40:00', 'IF21W0608', 470894, 'C', '0430048803', '2023-08-19 14:17:04', '2023-08-19 14:17:04'),
(213115, '20222', 3, 'JUMAT', '13:00:00', '14:40:00', 'IF21W0608', 470894, 'C', '0430048803', '2023-08-19 14:17:04', '2023-08-19 14:17:04'),
(213116, '20222', 4, 'JUMAT', '13:00:00', '14:40:00', 'IF21W0608', 470894, 'C', '0430048803', '2023-08-19 14:17:04', '2023-08-19 14:17:04'),
(213117, '20222', 5, 'JUMAT', '13:00:00', '14:40:00', 'IF21W0608', 470894, 'C', '0430048803', '2023-08-19 14:17:04', '2023-08-19 14:17:04'),
(213118, '20222', 6, 'JUMAT', '13:00:00', '14:40:00', 'IF21W0608', 470894, 'C', '0430048803', '2023-08-19 14:17:04', '2023-08-19 14:17:04'),
(213119, '20222', 7, 'JUMAT', '13:00:00', '14:40:00', 'IF21W0608', 470894, 'C', '0430048803', '2023-08-19 14:17:04', '2023-08-19 14:17:04'),
(213120, '20222', 8, 'JUMAT', '13:00:00', '14:40:00', 'IF21W0608', 470894, 'C', '0430048803', '2023-08-19 14:17:04', '2023-08-19 14:17:04'),
(213121, '20222', 9, 'JUMAT', '13:00:00', '14:40:00', 'IF21W0608', 470894, 'C', '0430048803', '2023-08-19 14:17:04', '2023-08-19 14:17:04'),
(213122, '20222', 10, 'JUMAT', '13:00:00', '14:40:00', 'IF21W0608', 470894, 'C', '0430048803', '2023-08-19 14:17:04', '2023-08-19 14:17:04'),
(213123, '20222', 11, 'JUMAT', '13:00:00', '14:40:00', 'IF21W0608', 470894, 'C', '0430048803', '2023-08-19 14:17:04', '2023-08-19 14:17:04'),
(213124, '20222', 12, 'JUMAT', '13:00:00', '14:40:00', 'IF21W0608', 470894, 'C', '0430048803', '2023-08-19 14:17:04', '2023-08-19 14:17:04'),
(213125, '20222', 13, 'JUMAT', '13:00:00', '14:40:00', 'IF21W0608', 470894, 'C', '0430048803', '2023-08-19 14:17:04', '2023-08-19 14:17:04'),
(213126, '20222', 14, 'JUMAT', '13:00:00', '14:40:00', 'IF21W0608', 470894, 'C', '0430048803', '2023-08-19 14:17:04', '2023-08-19 14:17:04'),
(213127, '20222', 15, 'JUMAT', '13:00:00', '14:40:00', 'IF21W0608', 470894, 'C', '0430048803', '2023-08-19 14:17:04', '2023-08-19 14:17:04'),
(213128, '20222', 16, 'JUMAT', '13:00:00', '14:40:00', 'IF21W0608', 470894, 'C', '0430048803', '2023-08-19 14:17:04', '2023-08-19 14:17:04'),
(213129, '20222', 1, 'JUMAT', '16:30:00', '18:10:00', 'IF21W0608', 470895, 'D', '0429018502', '2023-08-19 14:17:04', '2023-08-19 14:17:04'),
(213130, '20222', 2, 'JUMAT', '16:30:00', '18:10:00', 'IF21W0608', 470895, 'D', '0429018502', '2023-08-19 14:17:04', '2023-08-19 14:17:04'),
(213131, '20222', 3, 'JUMAT', '16:30:00', '18:10:00', 'IF21W0608', 470895, 'D', '0429018502', '2023-08-19 14:17:04', '2023-08-19 14:17:04'),
(213132, '20222', 4, 'JUMAT', '16:30:00', '18:10:00', 'IF21W0608', 470895, 'D', '0429018502', '2023-08-19 14:17:04', '2023-08-19 14:17:04'),
(213133, '20222', 5, 'JUMAT', '16:30:00', '18:10:00', 'IF21W0608', 470895, 'D', '0429018502', '2023-08-19 14:17:04', '2023-08-19 14:17:04'),
(213134, '20222', 6, 'JUMAT', '16:30:00', '18:10:00', 'IF21W0608', 470895, 'D', '0429018502', '2023-08-19 14:17:04', '2023-08-19 14:17:04'),
(213135, '20222', 7, 'JUMAT', '16:30:00', '18:10:00', 'IF21W0608', 470895, 'D', '0429018502', '2023-08-19 14:17:04', '2023-08-19 14:17:04'),
(213136, '20222', 8, 'JUMAT', '16:30:00', '18:10:00', 'IF21W0608', 470895, 'D', '0429018502', '2023-08-19 14:17:04', '2023-08-19 14:17:04'),
(213137, '20222', 9, 'JUMAT', '16:30:00', '18:10:00', 'IF21W0608', 470895, 'D', '0429018502', '2023-08-19 14:17:04', '2023-08-19 14:17:04'),
(213138, '20222', 10, 'JUMAT', '16:30:00', '18:10:00', 'IF21W0608', 470895, 'D', '0429018502', '2023-08-19 14:17:04', '2023-08-19 14:17:04'),
(213139, '20222', 11, 'JUMAT', '16:30:00', '18:10:00', 'IF21W0608', 470895, 'D', '0429018502', '2023-08-19 14:17:04', '2023-08-19 14:17:04'),
(213140, '20222', 12, 'JUMAT', '16:30:00', '18:10:00', 'IF21W0608', 470895, 'D', '0429018502', '2023-08-19 14:17:04', '2023-08-19 14:17:04'),
(213141, '20222', 13, 'JUMAT', '16:30:00', '18:10:00', 'IF21W0608', 470895, 'D', '0429018502', '2023-08-19 14:17:04', '2023-08-19 14:17:04'),
(213142, '20222', 14, 'JUMAT', '16:30:00', '18:10:00', 'IF21W0608', 470895, 'D', '0429018502', '2023-08-19 14:17:04', '2023-08-19 14:17:04'),
(213143, '20222', 15, 'JUMAT', '16:30:00', '18:10:00', 'IF21W0608', 470895, 'D', '0429018502', '2023-08-19 14:17:04', '2023-08-19 14:17:04'),
(213144, '20222', 16, 'JUMAT', '16:30:00', '18:10:00', 'IF21W0608', 470895, 'D', '0429018502', '2023-08-19 14:17:04', '2023-08-19 14:17:04'),
(213145, '20222', 1, 'JUMAT', '08:50:00', '10:30:00', 'IF21W0609', 469782, 'A', '0404048901', '2023-08-19 14:17:04', '2023-08-19 14:17:04'),
(213146, '20222', 2, 'JUMAT', '08:50:00', '10:30:00', 'IF21W0609', 469782, 'A', '0404048901', '2023-08-19 14:17:04', '2023-08-19 14:17:04'),
(213147, '20222', 3, 'JUMAT', '08:50:00', '10:30:00', 'IF21W0609', 469782, 'A', '0404048901', '2023-08-19 14:17:04', '2023-08-19 14:17:04'),
(213148, '20222', 4, 'JUMAT', '08:50:00', '10:30:00', 'IF21W0609', 469782, 'A', '0404048901', '2023-08-19 14:17:04', '2023-08-19 14:17:04'),
(213149, '20222', 5, 'JUMAT', '08:50:00', '10:30:00', 'IF21W0609', 469782, 'A', '0404048901', '2023-08-19 14:17:04', '2023-08-19 14:17:04'),
(213150, '20222', 6, 'JUMAT', '08:50:00', '10:30:00', 'IF21W0609', 469782, 'A', '0404048901', '2023-08-19 14:17:04', '2023-08-19 14:17:04'),
(213151, '20222', 7, 'JUMAT', '08:50:00', '10:30:00', 'IF21W0609', 469782, 'A', '0404048901', '2023-08-19 14:17:04', '2023-08-19 14:17:04'),
(213152, '20222', 8, 'JUMAT', '08:50:00', '10:30:00', 'IF21W0609', 469782, 'A', '0404048901', '2023-08-19 14:17:04', '2023-08-19 14:17:04'),
(213153, '20222', 9, 'JUMAT', '08:50:00', '10:30:00', 'IF21W0609', 469782, 'A', '0404048901', '2023-08-19 14:17:04', '2023-08-19 14:17:04'),
(213154, '20222', 10, 'JUMAT', '08:50:00', '10:30:00', 'IF21W0609', 469782, 'A', '0404048901', '2023-08-19 14:17:04', '2023-08-19 14:17:04'),
(213155, '20222', 11, 'JUMAT', '08:50:00', '10:30:00', 'IF21W0609', 469782, 'A', '0404048901', '2023-08-19 14:17:04', '2023-08-19 14:17:04'),
(213156, '20222', 12, 'JUMAT', '08:50:00', '10:30:00', 'IF21W0609', 469782, 'A', '0404048901', '2023-08-19 14:17:04', '2023-08-19 14:17:04'),
(213157, '20222', 13, 'JUMAT', '08:50:00', '10:30:00', 'IF21W0609', 469782, 'A', '0404048901', '2023-08-19 14:17:04', '2023-08-19 14:17:04'),
(213158, '20222', 14, 'JUMAT', '08:50:00', '10:30:00', 'IF21W0609', 469782, 'A', '0404048901', '2023-08-19 14:17:04', '2023-08-19 14:17:04'),
(213159, '20222', 15, 'JUMAT', '08:50:00', '10:30:00', 'IF21W0609', 469782, 'A', '0404048901', '2023-08-19 14:17:04', '2023-08-19 14:17:04'),
(213160, '20222', 16, 'JUMAT', '08:50:00', '10:30:00', 'IF21W0609', 469782, 'A', '0404048901', '2023-08-19 14:17:04', '2023-08-19 14:17:04'),
(213161, '20222', 1, 'JUMAT', '13:00:00', '14:40:00', 'IF21W0609', 470897, 'B', '0404048901', '2023-08-19 14:17:04', '2023-08-19 14:17:04'),
(213162, '20222', 2, 'JUMAT', '13:00:00', '14:40:00', 'IF21W0609', 470897, 'B', '0404048901', '2023-08-19 14:17:04', '2023-08-19 14:17:04'),
(213163, '20222', 3, 'JUMAT', '13:00:00', '14:40:00', 'IF21W0609', 470897, 'B', '0404048901', '2023-08-19 14:17:04', '2023-08-19 14:17:04'),
(213164, '20222', 4, 'JUMAT', '13:00:00', '14:40:00', 'IF21W0609', 470897, 'B', '0404048901', '2023-08-19 14:17:04', '2023-08-19 14:17:04'),
(213165, '20222', 5, 'JUMAT', '13:00:00', '14:40:00', 'IF21W0609', 470897, 'B', '0404048901', '2023-08-19 14:17:04', '2023-08-19 14:17:04'),
(213166, '20222', 6, 'JUMAT', '13:00:00', '14:40:00', 'IF21W0609', 470897, 'B', '0404048901', '2023-08-19 14:17:04', '2023-08-19 14:17:04'),
(213167, '20222', 7, 'JUMAT', '13:00:00', '14:40:00', 'IF21W0609', 470897, 'B', '0404048901', '2023-08-19 14:17:04', '2023-08-19 14:17:04'),
(213168, '20222', 8, 'JUMAT', '13:00:00', '14:40:00', 'IF21W0609', 470897, 'B', '0404048901', '2023-08-19 14:17:04', '2023-08-19 14:17:04'),
(213169, '20222', 9, 'JUMAT', '13:00:00', '14:40:00', 'IF21W0609', 470897, 'B', '0404048901', '2023-08-19 14:17:04', '2023-08-19 14:17:04'),
(213170, '20222', 10, 'JUMAT', '13:00:00', '14:40:00', 'IF21W0609', 470897, 'B', '0404048901', '2023-08-19 14:17:04', '2023-08-19 14:17:04'),
(213171, '20222', 11, 'JUMAT', '13:00:00', '14:40:00', 'IF21W0609', 470897, 'B', '0404048901', '2023-08-19 14:17:04', '2023-08-19 14:17:04'),
(213172, '20222', 12, 'JUMAT', '13:00:00', '14:40:00', 'IF21W0609', 470897, 'B', '0404048901', '2023-08-19 14:17:04', '2023-08-19 14:17:04'),
(213173, '20222', 13, 'JUMAT', '13:00:00', '14:40:00', 'IF21W0609', 470897, 'B', '0404048901', '2023-08-19 14:17:04', '2023-08-19 14:17:04'),
(213174, '20222', 14, 'JUMAT', '13:00:00', '14:40:00', 'IF21W0609', 470897, 'B', '0404048901', '2023-08-19 14:17:04', '2023-08-19 14:17:04'),
(213175, '20222', 15, 'JUMAT', '13:00:00', '14:40:00', 'IF21W0609', 470897, 'B', '0404048901', '2023-08-19 14:17:04', '2023-08-19 14:17:04'),
(213176, '20222', 16, 'JUMAT', '13:00:00', '14:40:00', 'IF21W0609', 470897, 'B', '0404048901', '2023-08-19 14:17:04', '2023-08-19 14:17:04'),
(213177, '20222', 1, 'JUMAT', '14:50:00', '16:30:00', 'IF21W0609', 470898, 'C', '0404048901', '2023-08-19 14:17:04', '2023-08-19 14:17:04'),
(213178, '20222', 2, 'JUMAT', '14:50:00', '16:30:00', 'IF21W0609', 470898, 'C', '0404048901', '2023-08-19 14:17:04', '2023-08-19 14:17:04'),
(213179, '20222', 3, 'JUMAT', '14:50:00', '16:30:00', 'IF21W0609', 470898, 'C', '0404048901', '2023-08-19 14:17:04', '2023-08-19 14:17:04'),
(213180, '20222', 4, 'JUMAT', '14:50:00', '16:30:00', 'IF21W0609', 470898, 'C', '0404048901', '2023-08-19 14:17:04', '2023-08-19 14:17:04'),
(213181, '20222', 5, 'JUMAT', '14:50:00', '16:30:00', 'IF21W0609', 470898, 'C', '0404048901', '2023-08-19 14:17:04', '2023-08-19 14:17:04'),
(213182, '20222', 6, 'JUMAT', '14:50:00', '16:30:00', 'IF21W0609', 470898, 'C', '0404048901', '2023-08-19 14:17:04', '2023-08-19 14:17:04'),
(213183, '20222', 7, 'JUMAT', '14:50:00', '16:30:00', 'IF21W0609', 470898, 'C', '0404048901', '2023-08-19 14:17:04', '2023-08-19 14:17:04'),
(213184, '20222', 8, 'JUMAT', '14:50:00', '16:30:00', 'IF21W0609', 470898, 'C', '0404048901', '2023-08-19 14:17:04', '2023-08-19 14:17:04'),
(213185, '20222', 9, 'JUMAT', '14:50:00', '16:30:00', 'IF21W0609', 470898, 'C', '0404048901', '2023-08-19 14:17:04', '2023-08-19 14:17:04'),
(213186, '20222', 10, 'JUMAT', '14:50:00', '16:30:00', 'IF21W0609', 470898, 'C', '0404048901', '2023-08-19 14:17:04', '2023-08-19 14:17:04'),
(213187, '20222', 11, 'JUMAT', '14:50:00', '16:30:00', 'IF21W0609', 470898, 'C', '0404048901', '2023-08-19 14:17:04', '2023-08-19 14:17:04'),
(213188, '20222', 12, 'JUMAT', '14:50:00', '16:30:00', 'IF21W0609', 470898, 'C', '0404048901', '2023-08-19 14:17:04', '2023-08-19 14:17:04'),
(213189, '20222', 13, 'JUMAT', '14:50:00', '16:30:00', 'IF21W0609', 470898, 'C', '0404048901', '2023-08-19 14:17:04', '2023-08-19 14:17:04'),
(213190, '20222', 14, 'JUMAT', '14:50:00', '16:30:00', 'IF21W0609', 470898, 'C', '0404048901', '2023-08-19 14:17:04', '2023-08-19 14:17:04'),
(213191, '20222', 15, 'JUMAT', '14:50:00', '16:30:00', 'IF21W0609', 470898, 'C', '0404048901', '2023-08-19 14:17:04', '2023-08-19 14:17:04'),
(213192, '20222', 16, 'JUMAT', '14:50:00', '16:30:00', 'IF21W0609', 470898, 'C', '0404048901', '2023-08-19 14:17:04', '2023-08-19 14:17:04'),
(213513, '20222', 1, 'SABTU', '08:50:00', '10:30:00', 'IF21W0607', 469779, 'A', '0429068605', '2023-08-19 14:17:02', '2023-08-19 14:17:02'),
(213514, '20222', 2, 'SABTU', '08:50:00', '10:30:00', 'IF21W0607', 469779, 'A', '0429068605', '2023-08-19 14:17:02', '2023-08-19 14:17:02'),
(213515, '20222', 3, 'SABTU', '08:50:00', '10:30:00', 'IF21W0607', 469779, 'A', '0429068605', '2023-08-19 14:17:02', '2023-08-19 14:17:02'),
(213516, '20222', 4, 'SABTU', '08:50:00', '10:30:00', 'IF21W0607', 469779, 'A', '0429068605', '2023-08-19 14:17:02', '2023-08-19 14:17:02'),
(213517, '20222', 5, 'SABTU', '08:50:00', '10:30:00', 'IF21W0607', 469779, 'A', '0429068605', '2023-08-19 14:17:02', '2023-08-19 14:17:02'),
(213518, '20222', 6, 'SABTU', '08:50:00', '10:30:00', 'IF21W0607', 469779, 'A', '0429068605', '2023-08-19 14:17:02', '2023-08-19 14:17:02'),
(213519, '20222', 7, 'SABTU', '08:50:00', '10:30:00', 'IF21W0607', 469779, 'A', '0429068605', '2023-08-19 14:17:02', '2023-08-19 14:17:02'),
(213520, '20222', 8, 'SABTU', '08:50:00', '10:30:00', 'IF21W0607', 469779, 'A', '0429068605', '2023-08-19 14:17:02', '2023-08-19 14:17:02'),
(213521, '20222', 9, 'SABTU', '08:50:00', '10:30:00', 'IF21W0607', 469779, 'A', '0429068605', '2023-08-19 14:17:02', '2023-08-19 14:17:02'),
(213522, '20222', 10, 'SABTU', '08:50:00', '10:30:00', 'IF21W0607', 469779, 'A', '0429068605', '2023-08-19 14:17:02', '2023-08-19 14:17:02'),
(213523, '20222', 11, 'SABTU', '08:50:00', '10:30:00', 'IF21W0607', 469779, 'A', '0429068605', '2023-08-19 14:17:02', '2023-08-19 14:17:02'),
(213524, '20222', 12, 'SABTU', '08:50:00', '10:30:00', 'IF21W0607', 469779, 'A', '0429068605', '2023-08-19 14:17:02', '2023-08-19 14:17:02'),
(213525, '20222', 13, 'SABTU', '08:50:00', '10:30:00', 'IF21W0607', 469779, 'A', '0429068605', '2023-08-19 14:17:02', '2023-08-19 14:17:02'),
(213526, '20222', 14, 'SABTU', '08:50:00', '10:30:00', 'IF21W0607', 469779, 'A', '0429068605', '2023-08-19 14:17:02', '2023-08-19 14:17:02'),
(213527, '20222', 15, 'SABTU', '08:50:00', '10:30:00', 'IF21W0607', 469779, 'A', '0429068605', '2023-08-19 14:17:02', '2023-08-19 14:17:02'),
(213528, '20222', 16, 'KAMIS', '08:00:00', '10:00:00', 'IF21W0607', 469779, 'A', '0429068605', '2023-08-19 14:17:02', '2023-08-19 14:17:02'),
(227837, '20222', 9, 'SENIN', '09:40:00', '12:10:00', 'IF21W0407', 470862, 'B', 'IF306', '2023-08-19 14:17:00', '2023-08-19 14:17:00'),
(227838, '20222', 10, 'SENIN', '09:40:00', '12:10:00', 'IF21W0407', 470862, 'B', 'IF306', '2023-08-19 14:17:00', '2023-08-19 14:17:00'),
(227839, '20222', 11, 'SENIN', '09:40:00', '12:10:00', 'IF21W0407', 470862, 'B', 'IF306', '2023-08-19 14:17:00', '2023-08-19 14:17:00'),
(227840, '20222', 12, 'SENIN', '09:40:00', '12:10:00', 'IF21W0407', 470862, 'B', 'IF306', '2023-08-19 14:17:00', '2023-08-19 14:17:00'),
(227841, '20222', 13, 'SENIN', '09:40:00', '12:10:00', 'IF21W0407', 470862, 'B', 'IF306', '2023-08-19 14:17:00', '2023-08-19 14:17:00'),
(227842, '20222', 14, 'SENIN', '09:40:00', '12:10:00', 'IF21W0407', 470862, 'B', 'IF306', '2023-08-19 14:17:00', '2023-08-19 14:17:00'),
(227843, '20222', 15, 'SENIN', '09:40:00', '12:10:00', 'IF21W0407', 470862, 'B', 'IF306', '2023-08-19 14:17:00', '2023-08-19 14:17:00'),
(227844, '20222', 16, 'SENIN', '09:40:00', '12:10:00', 'IF21W0407', 470862, 'B', 'IF306', '2023-08-19 14:17:00', '2023-08-19 14:17:00'),
(227878, '20222', 9, 'SENIN', '09:40:00', '12:10:00', 'IF21W0408', 469760, 'A', '0429018502', '2023-08-19 14:17:01', '2023-08-19 14:17:01'),
(227879, '20222', 10, 'SENIN', '09:40:00', '12:10:00', 'IF21W0408', 469760, 'A', '0429018502', '2023-08-19 14:17:01', '2023-08-19 14:17:01'),
(227880, '20222', 11, 'SENIN', '09:40:00', '12:10:00', 'IF21W0408', 469760, 'A', '0429018502', '2023-08-19 14:17:01', '2023-08-19 14:17:01'),
(227881, '20222', 12, 'SENIN', '09:40:00', '12:10:00', 'IF21W0408', 469760, 'A', '0429018502', '2023-08-19 14:17:01', '2023-08-19 14:17:01'),
(227882, '20222', 13, 'SENIN', '09:40:00', '12:10:00', 'IF21W0408', 469760, 'A', '0429018502', '2023-08-19 14:17:01', '2023-08-19 14:17:01'),
(227883, '20222', 14, 'SENIN', '09:40:00', '12:10:00', 'IF21W0408', 469760, 'A', '0429018502', '2023-08-19 14:17:01', '2023-08-19 14:17:01'),
(227884, '20222', 15, 'SENIN', '09:40:00', '12:10:00', 'IF21W0408', 469760, 'A', '0429018502', '2023-08-19 14:17:01', '2023-08-19 14:17:01'),
(227885, '20222', 16, 'SENIN', '09:40:00', '12:10:00', 'IF21W0408', 469760, 'A', '0429018502', '2023-08-19 14:17:01', '2023-08-19 14:17:01'),
(232222, '20222', 1, 'MINGGU', '13:00:00', '15:30:00', 'IF21W0407', 471977, 'L', 'IF306', '2023-08-19 14:17:00', '2023-08-19 14:17:00'),
(232223, '20222', 2, 'MINGGU', '13:00:00', '15:30:00', 'IF21W0407', 471977, 'L', 'IF306', '2023-08-19 14:17:00', '2023-08-19 14:17:00'),
(232224, '20222', 3, 'MINGGU', '13:00:00', '15:30:00', 'IF21W0407', 471977, 'L', 'IF306', '2023-08-19 14:17:00', '2023-08-19 14:17:00'),
(232225, '20222', 4, 'MINGGU', '13:00:00', '15:30:00', 'IF21W0407', 471977, 'L', 'IF306', '2023-08-19 14:17:01', '2023-08-19 14:17:01'),
(232226, '20222', 5, 'MINGGU', '13:00:00', '15:30:00', 'IF21W0407', 471977, 'L', 'IF306', '2023-08-19 14:17:01', '2023-08-19 14:17:01'),
(232227, '20222', 6, 'MINGGU', '13:00:00', '15:30:00', 'IF21W0407', 471977, 'L', 'IF306', '2023-08-19 14:17:01', '2023-08-19 14:17:01'),
(232228, '20222', 7, 'MINGGU', '13:00:00', '15:30:00', 'IF21W0407', 471977, 'L', 'IF306', '2023-08-19 14:17:01', '2023-08-19 14:17:01'),
(232229, '20222', 8, 'MINGGU', '13:00:00', '15:30:00', 'IF21W0407', 471977, 'L', 'IF306', '2023-08-19 14:17:01', '2023-08-19 14:17:01'),
(232230, '20222', 9, 'MINGGU', '13:00:00', '15:30:00', 'IF21W0407', 471977, 'L', 'IF306', '2023-08-19 14:17:01', '2023-08-19 14:17:01'),
(232231, '20222', 10, 'MINGGU', '13:00:00', '15:30:00', 'IF21W0407', 471977, 'L', 'IF306', '2023-08-19 14:17:01', '2023-08-19 14:17:01'),
(232232, '20222', 11, 'MINGGU', '13:00:00', '15:30:00', 'IF21W0407', 471977, 'L', 'IF306', '2023-08-19 14:17:01', '2023-08-19 14:17:01'),
(232233, '20222', 12, 'MINGGU', '13:00:00', '15:30:00', 'IF21W0407', 471977, 'L', 'IF306', '2023-08-19 14:17:01', '2023-08-19 14:17:01'),
(232234, '20222', 13, 'MINGGU', '13:00:00', '15:30:00', 'IF21W0407', 471977, 'L', 'IF306', '2023-08-19 14:17:01', '2023-08-19 14:17:01'),
(232235, '20222', 14, 'MINGGU', '13:00:00', '15:30:00', 'IF21W0407', 471977, 'L', 'IF306', '2023-08-19 14:17:01', '2023-08-19 14:17:01'),
(232236, '20222', 15, 'MINGGU', '13:00:00', '15:30:00', 'IF21W0407', 471977, 'L', 'IF306', '2023-08-19 14:17:01', '2023-08-19 14:17:01'),
(232237, '20222', 16, 'MINGGU', '13:00:00', '15:30:00', 'IF21W0407', 471977, 'L', 'IF306', '2023-08-19 14:17:01', '2023-08-19 14:17:01');

-- --------------------------------------------------------

--
-- Struktur dari tabel `Kehadirans`
--

CREATE TABLE `Kehadirans` (
  `absen_id` int(11) NOT NULL,
  `piket_id` int(11) NOT NULL,
  `pertemuan` int(11) DEFAULT NULL,
  `asisten_id` varchar(11) DEFAULT NULL,
  `nama_asisten` varchar(255) DEFAULT NULL,
  `pengganti_id` varchar(11) DEFAULT NULL,
  `nama_pengganti` varchar(255) DEFAULT NULL,
  `status` enum('Hadir','Izin','Alpha') NOT NULL,
  `created_at` datetime NOT NULL,
  `updated_at` datetime NOT NULL
) ENGINE=InnoDB DEFAULT CHARSET=utf8mb4 COLLATE=utf8mb4_general_ci;

--
-- Dumping data untuk tabel `Kehadirans`
--

INSERT INTO `Kehadirans` (`absen_id`, `piket_id`, `pertemuan`, `asisten_id`, `nama_asisten`, `pengganti_id`, `nama_pengganti`, `status`, `created_at`, `updated_at`) VALUES
(1, 83, 3, 'AS23001', 'ELTI RAHMAWATI', NULL, NULL, 'Hadir', '2023-08-12 18:30:07', '2023-08-12 18:30:07'),
(2, 84, 4, 'AS23001', 'ELTI RAHMAWATI', 'AS23002', 'FAJRI KHOIRUNNISA', 'Izin', '2023-08-12 18:31:36', '2023-08-12 18:31:36'),
(3, 85, 5, 'AS23001', 'ELTI RAHMAWATI', 'AS23002', 'FAJRI KHOIRUNNISA', 'Izin', '2023-08-12 18:32:32', '2023-08-12 18:32:32'),
(4, 100, 4, 'AS23002', 'FAJRI KHOIRUNNISA', 'AS23002', 'FAJRI KHOIRUNNISA', 'Alpha', '2023-08-12 18:33:20', '2023-08-12 18:33:20'),
(5, 101, 5, 'AS23002', 'FAJRI KHOIRUNNISA', 'AS23003', 'SUHENDANI', 'Alpha', '2023-08-12 18:39:13', '2023-08-12 18:39:13'),
(6, 102, 6, 'AS23002', 'FAJRI KHOIRUNNISA', NULL, NULL, 'Hadir', '2023-08-12 18:40:33', '2023-08-12 18:40:33'),
(7, 105, 9, 'AS23002', 'FAJRI KHOIRUNNISA', NULL, NULL, 'Hadir', '2023-08-12 18:44:10', '2023-08-12 18:44:10');

-- --------------------------------------------------------

--
-- Struktur dari tabel `Kelas`
--

CREATE TABLE `Kelas` (
  `kelas_id` int(11) NOT NULL,
  `nama_kelas` varchar(255) DEFAULT NULL,
  `nama_ruang` varchar(255) DEFAULT NULL,
  `kapasitas` int(11) DEFAULT NULL,
  `kode_mk` varchar(11) NOT NULL,
  `periode` varchar(255) DEFAULT NULL,
  `created_at` datetime NOT NULL,
  `updated_at` datetime NOT NULL
) ENGINE=InnoDB DEFAULT CHARSET=utf8mb4 COLLATE=utf8mb4_general_ci;

--
-- Dumping data untuk tabel `Kelas`
--

INSERT INTO `Kelas` (`kelas_id`, `nama_kelas`, `nama_ruang`, `kapasitas`, `kode_mk`, `periode`, `created_at`, `updated_at`) VALUES
(469756, 'A', 'SB602 - Lab IF SB 602', 45, 'IF21W0407', '20222', '2023-08-12 16:44:34', '2023-08-12 16:44:34'),
(469760, 'A', 'SB601 - Lab IF SB 601', 45, 'IF21W0408', '20222', '2023-08-12 16:44:34', '2023-08-12 16:44:34'),
(469768, 'A', 'SB602 - Lab IF SB 602', 45, 'IF21W0608', '20222', '2023-08-12 16:44:34', '2023-08-12 16:44:34'),
(469776, 'A', 'SB603 - Lab IF SB 603', 45, 'IF21W0610', '20222', '2023-08-12 16:44:34', '2023-08-12 16:44:34'),
(469779, 'A', 'SB602 - Lab IF SB 602', 45, 'IF21W0607', '20222', '2023-08-12 16:44:34', '2023-08-12 16:44:34'),
(469782, 'A', 'SB601 - Lab IF SB 601', 45, 'IF21W0609', '20222', '2023-08-12 16:44:34', '2023-08-12 16:44:34'),
(470862, 'B', 'SB602 - Lab IF SB 602', 45, 'IF21W0407', '20222', '2023-08-12 16:44:34', '2023-08-12 16:44:34'),
(470863, 'C', 'SB602 - Lab IF SB 602', 45, 'IF21W0407', '20222', '2023-08-12 16:44:34', '2023-08-12 16:44:34'),
(470864, 'D', 'SB602 - Lab IF SB 602', 45, 'IF21W0407', '20222', '2023-08-12 16:44:34', '2023-08-12 16:44:34'),
(470866, 'B', 'SB601 - Lab IF SB 601', 45, 'IF21W0408', '20222', '2023-08-12 16:44:34', '2023-08-12 16:44:34'),
(470867, 'C', 'SB601 - Lab IF SB 601', 45, 'IF21W0408', '20222', '2023-08-12 16:44:34', '2023-08-12 16:44:34'),
(470868, 'D', 'SB601 - Lab IF SB 601', 45, 'IF21W0408', '20222', '2023-08-12 16:44:34', '2023-08-12 16:44:34'),
(470890, 'B', 'SB602 - Lab IF SB 602', 45, 'IF21W0607', '20222', '2023-08-12 16:44:34', '2023-08-12 16:44:34'),
(470891, 'C', 'SB602 - Lab IF SB 602', 45, 'IF21W0607', '20222', '2023-08-12 16:44:34', '2023-08-12 16:44:34'),
(470893, 'B', 'SB602 - Lab IF SB 602', 45, 'IF21W0608', '20222', '2023-08-12 16:44:34', '2023-08-12 16:44:34'),
(470894, 'C', 'SB602 - Lab IF SB 602', 45, 'IF21W0608', '20222', '2023-08-12 16:44:34', '2023-08-12 16:44:34'),
(470895, 'D', 'SB602 - Lab IF SB 602', 45, 'IF21W0608', '20222', '2023-08-12 16:44:34', '2023-08-12 16:44:34'),
(470897, 'B', 'SB601 - Lab IF SB 601', 45, 'IF21W0609', '20222', '2023-08-12 16:44:34', '2023-08-12 16:44:34'),
(470898, 'C', 'SB601 - Lab IF SB 601', 45, 'IF21W0609', '20222', '2023-08-12 16:44:34', '2023-08-12 16:44:34'),
(470900, 'B', 'SB603 - Lab IF SB 603', 45, 'IF21W0610', '20222', '2023-08-12 16:44:34', '2023-08-12 16:44:34'),
(470901, 'C', 'SB603 - Lab IF SB 603', 45, 'IF21W0610', '20222', '2023-08-12 16:44:34', '2023-08-12 16:44:34'),
(471977, 'L', ' - ', 30, 'IF21W0407', '20222', '2023-08-12 16:44:34', '2023-08-12 16:44:34');

-- --------------------------------------------------------

--
-- Struktur dari tabel `Krs`
--

CREATE TABLE `Krs` (
  `krs_id` int(11) NOT NULL,
  `periode_krs` varchar(11) DEFAULT NULL,
  `kode_mk` varchar(11) NOT NULL,
  `kelas_id` int(11) DEFAULT NULL,
  `nama_kelas` varchar(255) DEFAULT NULL,
  `nim` varchar(11) NOT NULL,
  `created_at` datetime NOT NULL,
  `updated_at` datetime NOT NULL
) ENGINE=InnoDB DEFAULT CHARSET=utf8mb4 COLLATE=utf8mb4_general_ci;

--
-- Dumping data untuk tabel `Krs`
--

INSERT INTO `Krs` (`krs_id`, `periode_krs`, `kode_mk`, `kelas_id`, `nama_kelas`, `nim`, `created_at`, `updated_at`) VALUES
(1, '20222', 'IF21W0408', 469760, 'A', '193040058', '2023-08-18 14:51:45', '2023-08-18 14:51:45'),
(2, '20222', 'IF21W0408', 469760, 'A', '193040025', '2023-08-18 14:51:45', '2023-08-18 14:51:45'),
(3, '20222', 'IF21W0608', 470893, 'B', '193040001', '2023-08-18 14:51:45', '2023-08-18 14:51:45'),
(4, '20222', 'IF21W0608', 470893, 'B', '193040088', '2023-08-18 14:51:45', '2023-08-18 14:51:45'),
(5, '20222', 'IF21W0608', 470895, 'D', '193040154', '2023-08-18 14:51:46', '2023-08-18 14:51:46'),
(6, '20222', 'IF21W0608', 470895, 'D', '193040159', '2023-08-18 14:51:46', '2023-08-18 14:51:46');

-- --------------------------------------------------------

--
-- Struktur dari tabel `Laborans`
--

CREATE TABLE `Laborans` (
  `nip` varchar(11) NOT NULL,
  `user_id` int(11) NOT NULL,
  `nama_laboran` varchar(255) NOT NULL,
  `jenis_pegawai` varchar(255) DEFAULT NULL,
  `created_at` datetime NOT NULL,
  `updated_at` datetime NOT NULL
) ENGINE=InnoDB DEFAULT CHARSET=utf8mb4 COLLATE=utf8mb4_general_ci;

--
-- Dumping data untuk tabel `Laborans`
--

INSERT INTO `Laborans` (`nip`, `user_id`, `nama_laboran`, `jenis_pegawai`, `created_at`, `updated_at`) VALUES
('IF397', 1, 'Moch. Ilham Anugrah, ST., M.ENG.', 'Laboran', '2023-08-12 16:45:14', '2023-08-12 16:45:14');

-- --------------------------------------------------------

--
-- Struktur dari tabel `Mahasiswas`
--

CREATE TABLE `Mahasiswas` (
  `nim` varchar(11) NOT NULL,
  `nama_mahasiswa` varchar(255) NOT NULL,
  `email` varchar(255) DEFAULT NULL,
  `email_kampus` varchar(255) DEFAULT NULL,
  `no_hp` varchar(255) DEFAULT NULL,
  `periode_masuk` varchar(255) DEFAULT NULL,
  `user_id` int(11) DEFAULT NULL,
  `created_at` datetime NOT NULL,
  `updated_at` datetime NOT NULL
) ENGINE=InnoDB DEFAULT CHARSET=utf8mb4 COLLATE=utf8mb4_general_ci;

--
-- Dumping data untuk tabel `Mahasiswas`
--

INSERT INTO `Mahasiswas` (`nim`, `nama_mahasiswa`, `email`, `email_kampus`, `no_hp`, `periode_masuk`, `user_id`, `created_at`, `updated_at`) VALUES
('193040001', 'PUTRA HANIF AMMARTA', 'putrahanif437@gmail.com', '193040001.putra@mail.unpas.ac.id', '089658842008', '20191', 2, '2023-08-12 16:44:19', '2023-08-12 16:45:20'),
('193040025', 'SOFYAN EGI LESMANA', 'contact.sofyanegi@gmail.com', '193040025.sofyan@mail.unpas.ac.id', '0895330087325', '20191', 3, '2023-08-12 16:44:19', '2023-08-12 16:45:21'),
('193040027', 'ZAHRA DWI AMEILIA', 'zahradwiameilia1@gmail.com', '193040027.zahra@mail.unpas.ac.id', '083817041467', '20191', 4, '2023-08-12 16:44:19', '2023-08-12 16:45:21'),
('193040035', 'KAREENA KARDIN', 'kareenakardin032@gmail.com', '193040035.kareena@mail.unpas.ac.id', '085624174711', '20191', 5, '2023-08-12 16:44:19', '2023-08-12 16:45:21'),
('193040042', 'SUHENDANI', 'kazzdani3@gmail.com', '193040042.suhendani@mail.unpas.ac.id', '081212679636', '20191', 6, '2023-08-12 16:44:19', '2023-08-12 16:45:21'),
('193040058', 'BAYU CUCAN HERDIAN', 'bayucucanherdian@gmail.com', '193040058@mail.unpas.ac.id', '0895401053741', '20191', 7, '2023-08-12 16:44:19', '2023-08-12 16:45:21'),
('193040076', 'FAJAR HASBI NOER', 'fajarhasbinoer2@gmail.com', '193040076.fajar@mail.unpas.ac.id', '081224886957', '20191', 8, '2023-08-12 16:44:19', '2023-08-12 16:45:59'),
('193040088', 'MUHAMAD NUR FIRMANSYAH', 'muhamadnurfirmansyah66450@gmail.com', '193040088.muhamad@mail.unpas.ac.id', '085320740551', '20191', 9, '2023-08-12 16:44:19', '2023-08-12 16:45:59'),
('193040154', 'ELTI RAHMAWATI', 'elti.rahmawati19@gmail.com', '193040154@mail.unpas.ac.id', '082254243461', '20191', 10, '2023-08-12 16:44:19', '2023-08-12 16:45:59'),
('193040159', 'FAJRI KHOIRUNNISA', 'fajrikh01@gmail.com', '193040159@mail.unpas.ac.id', '083823084118', '20191', 11, '2023-08-12 16:44:19', '2023-08-12 16:45:59');

-- --------------------------------------------------------

--
-- Struktur dari tabel `Matkuls`
--

CREATE TABLE `Matkuls` (
  `kode_mk` varchar(11) NOT NULL,
  `nama_mk` varchar(255) NOT NULL,
  `kurikulum` varchar(255) NOT NULL,
  `sks_mk` int(11) NOT NULL,
  `dosen_nip` varchar(11) DEFAULT NULL,
  `created_at` datetime NOT NULL,
  `updated_at` datetime NOT NULL
) ENGINE=InnoDB DEFAULT CHARSET=utf8mb4 COLLATE=utf8mb4_general_ci;

--
-- Dumping data untuk tabel `Matkuls`
--

INSERT INTO `Matkuls` (`kode_mk`, `nama_mk`, `kurikulum`, `sks_mk`, `dosen_nip`, `created_at`, `updated_at`) VALUES
('IF21W0307', 'Praktikum Basis Data', '221', 2, '0428018502', '2023-08-12 16:44:30', '2023-08-12 16:44:30'),
('IF21W0308', 'Praktikum Infrastruktur', '221', 1, '0421128501', '2023-08-12 16:44:30', '2023-08-12 16:44:30'),
('IF21W0407', 'Praktikum Multimedia', '221', 2, NULL, '2023-08-12 16:44:30', '2023-08-12 16:44:30'),
('IF21W0408', 'Praktikum Pemograman I', '221', 2, NULL, '2023-08-12 16:44:30', '2023-08-12 16:44:30'),
('IF21W0506', 'Praktikum Web', '221', 2, '0425098502', '2023-08-12 16:44:30', '2023-08-12 16:44:30'),
('IF21W0507', 'Praktikum Sistem Beorientasi Objek', '221', 1, '0424057201', '2023-08-12 16:44:30', '2023-08-12 16:44:30'),
('IF21W0508', 'Praktikum Pemograman II', '221', 2, 'IF397', '2023-08-12 16:44:30', '2023-08-12 16:44:30'),
('IF21W0607', 'Praktikum Pemograman Game', '221', 1, '0429068605', '2023-08-12 16:44:30', '2023-08-12 16:44:30'),
('IF21W0608', 'Praktikum Pemograman Mobile', '221', 1, NULL, '2023-08-12 16:44:30', '2023-08-12 16:44:30'),
('IF21W0609', 'Praktikum Manajemen Proyek', '221', 1, NULL, '2023-08-12 16:44:30', '2023-08-12 16:44:30'),
('IF21W0610', 'Praktikum Internet of Things', '221', 1, '0418128701', '2023-08-12 16:44:30', '2023-08-12 16:44:30');

-- --------------------------------------------------------

--
-- Struktur dari tabel `Pendaftarans`
--

CREATE TABLE `Pendaftarans` (
  `daftar_id` int(11) NOT NULL,
  `program_id` int(11) NOT NULL,
  `tanggal_daftar` datetime NOT NULL,
  `nim` varchar(11) NOT NULL,
  `nama_mahasiswa` varchar(255) NOT NULL,
  `email` varchar(255) DEFAULT NULL,
  `email_kampus` varchar(255) DEFAULT NULL,
  `no_hp` varchar(255) DEFAULT NULL,
  `file_syarat` varchar(255) DEFAULT NULL,
  `bidang_praktikum` varchar(255) DEFAULT NULL,
  `status` enum('Diterima','Menunggu','Ditolak') NOT NULL,
  `created_at` datetime NOT NULL,
  `updated_at` datetime NOT NULL
) ENGINE=InnoDB DEFAULT CHARSET=utf8mb4 COLLATE=utf8mb4_general_ci;

--
-- Dumping data untuk tabel `Pendaftarans`
--

INSERT INTO `Pendaftarans` (`daftar_id`, `program_id`, `tanggal_daftar`, `nim`, `nama_mahasiswa`, `email`, `email_kampus`, `no_hp`, `file_syarat`, `bidang_praktikum`, `status`, `created_at`, `updated_at`) VALUES
(1, 1, '2023-08-12 16:47:04', '193040001', 'PUTRA HANIF AMMARTA', 'putrahanif437@gmail.com', '193040001.putra@mail.unpas.ac.id', '089658842008', 'ada URL ceritanya', 'Basis Data', 'Diterima', '2023-08-12 16:47:04', '2023-08-12 16:49:31'),
(2, 1, '2023-08-12 16:47:50', '193040042', 'SUHENDANI', 'kazzdani3@gmail.com', '193040042.suhendani@mail.unpas.ac.id', '081212679636', 'ada URL ceritanya', 'Basis Data', 'Diterima', '2023-08-12 16:47:50', '2023-08-12 16:49:29'),
(3, 1, '2023-08-12 16:48:19', '193040159', 'FAJRI KHOIRUNNISA', 'fajrikh01@gmail.com', '193040159@mail.unpas.ac.id', '083823084118', 'ada URL ceritanya', 'Basis Data', 'Diterima', '2023-08-12 16:48:19', '2023-08-12 16:49:26'),
(4, 1, '2023-08-12 16:48:39', '193040154', 'ELTI RAHMAWATI', 'elti.rahmawati19@gmail.com', '193040154@mail.unpas.ac.id', '082254243461', 'ada URL ceritanya', 'Basis Data', 'Diterima', '2023-08-12 16:48:39', '2023-08-12 16:49:22');

-- --------------------------------------------------------

--
-- Struktur dari tabel `Pengumumans`
--

CREATE TABLE `Pengumumans` (
  `info_id` int(11) NOT NULL,
  `judul` varchar(255) NOT NULL,
  `dokumen` varchar(255) DEFAULT NULL,
  `link` varchar(255) DEFAULT NULL,
  `tanggal_publish` date NOT NULL,
  `is_publish` tinyint(1) DEFAULT NULL,
  `created_at` datetime NOT NULL,
  `updated_at` datetime NOT NULL
) ENGINE=InnoDB DEFAULT CHARSET=utf8mb4 COLLATE=utf8mb4_general_ci;

-- --------------------------------------------------------

--
-- Struktur dari tabel `Penilaians`
--

CREATE TABLE `Penilaians` (
  `nilai_id` int(11) NOT NULL,
  `kelas_id` int(11) DEFAULT NULL,
  `krs_id` int(11) NOT NULL,
  `nim` varchar(11) DEFAULT NULL,
  `cpmk` int(11) DEFAULT NULL,
  `tugas_ke` int(11) DEFAULT NULL,
  `nilai` int(11) DEFAULT NULL,
  `created_at` datetime NOT NULL,
  `updated_at` datetime NOT NULL
) ENGINE=InnoDB DEFAULT CHARSET=utf8mb4 COLLATE=utf8mb4_general_ci;

--
-- Dumping data untuk tabel `Penilaians`
--

INSERT INTO `Penilaians` (`nilai_id`, `kelas_id`, `krs_id`, `nim`, `cpmk`, `tugas_ke`, `nilai`, `created_at`, `updated_at`) VALUES
(1, 470893, 3, '193040001', 1, 1, 87, '2023-08-18 14:57:26', '2023-08-18 14:57:26'),
(2, 470893, 3, '193040001', 1, 2, 80, '2023-08-18 14:58:03', '2023-08-18 16:17:54'),
(5, 469760, 1, '193040058', 1, 2, 90, '2023-08-18 15:08:08', '2023-08-18 15:08:08');

-- --------------------------------------------------------

--
-- Struktur dari tabel `Programs`
--

CREATE TABLE `Programs` (
  `program_id` int(11) NOT NULL,
  `periode` varchar(11) NOT NULL,
  `judul` varchar(255) NOT NULL,
  `deskripsi` varchar(255) NOT NULL,
  `batas_waktu` datetime NOT NULL,
  `created_at` datetime NOT NULL,
  `updated_at` datetime NOT NULL
) ENGINE=InnoDB DEFAULT CHARSET=utf8mb4 COLLATE=utf8mb4_general_ci;

--
-- Dumping data untuk tabel `Programs`
--

INSERT INTO `Programs` (`program_id`, `periode`, `judul`, `deskripsi`, `batas_waktu`, `created_at`, `updated_at`) VALUES
(1, '2023', 'Pendaftaran periode 2023-2024', 'Upload persyaratan dibawah ini', '2023-07-31 16:59:59', '2023-08-12 16:46:49', '2023-08-12 16:46:49');

-- --------------------------------------------------------

--
-- Struktur dari tabel `Sequelizemeta`
--

CREATE TABLE `Sequelizemeta` (
  `name` varchar(255) NOT NULL
) ENGINE=InnoDB DEFAULT CHARSET=utf8 COLLATE=utf8_unicode_ci;

--
-- Dumping data untuk tabel `Sequelizemeta`
--

INSERT INTO `Sequelizemeta` (`name`) VALUES
('20230716204535-create-user.js'),
('20230716205634-create-mahasiswa.js'),
('20230716210247-create-laboran.js'),
('20230718062215-create-asisten.js'),
('20230718184840-create-dosen.js'),
('20230718185105-create-matkul.js'),
('20230718185656-create-Kelas.js'),
('20230718190555-create-jadwal-praktik.js'),
('20230718191634-create-Krs.js'),
('20230718193008-create-pengumuman.js'),
('20230718193010-create-program.js'),
('20230718193411-create-pendaftaran.js'),
('20230718200015-create-jadwal-piket.js'),
('20230718200455-create-kehadiran.js'),
('20230718201639-create-penilaian.js'),
('20230718203650-add-fk-userID-in-Laboran.js'),
('20230718203713-add-fk-userID-in-Mahasiswa.js'),
('20230718204433-add-fk-NIM-in-Asisten.js'),
('20230718204509-add-fk-programID-in-Pendaftaran.js'),
('20230718204515-add-fk-dosenNIP-in-Matkul.js'),
('20230718204522-add-fk-NIM-in-Pendaftaran.js'),
('20230718222337-add-fk-kodeMK-in-Kelas.js'),
('20230718222348-add-fk-kodeMK-in-JadwalPraktik.js'),
('20230718222354-add-fk-kelasID-in-JadwalPraktik.js'),
('20230718222370-add-fk-dosenNIP-in-JadwalPraktik.js'),
('20230719090080-add-fk-kelasID-in-JadwalPiket.js'),
('20230719090104-add-fk-praktikID-in-JadwalPiket.js'),
('20230719090316-add-fk-asistenID-in-JadwalPiket.js'),
('20230719091442-add-fk-asistenID-in-Kehadiran.js'),
('20230719091500-add-fk-penggantiID-in-Kehadiran.js'),
('20230719091648-add-fk-piketID-in-Kehadiran.js'),
('20230719092552-add-fk-NIM-in-KRS.js'),
('20230719092842-add-fk-kodeMK-in-KRS.js'),
('20230719093156-add-fk-kelasID-in-KRS.js'),
('20230719093278-add-fk-kelasID-in-Penilaian.js'),
('20230719094329-add-fk-krsID-in-Penilaian.js');

-- --------------------------------------------------------

--
-- Struktur dari tabel `Users`
--

CREATE TABLE `Users` (
  `user_id` int(11) NOT NULL,
  `username` varchar(255) NOT NULL,
  `password` varchar(255) NOT NULL,
  `email` varchar(255) DEFAULT NULL,
  `no_hp` varchar(255) DEFAULT NULL,
  `image_url` varchar(255) DEFAULT NULL,
  `role` enum('Laboran','Asisten','Mahasiswa') NOT NULL,
  `access_token` varchar(255) DEFAULT NULL,
  `created_at` datetime NOT NULL,
  `updated_at` datetime NOT NULL
) ENGINE=InnoDB DEFAULT CHARSET=utf8mb4 COLLATE=utf8mb4_general_ci;

--
-- Dumping data untuk tabel `Users`
--

INSERT INTO `Users` (`user_id`, `username`, `password`, `email`, `no_hp`, `image_url`, `role`, `access_token`, `created_at`, `updated_at`) VALUES
(1, 'IF397', '$2b$10$oiovQLuzkBjxJdkc6glXoelS82btXALLCX.yFQi.VP1WGi2rQk3U6', 'ilham.anugrah@unpas.ac.id', NULL, NULL, 'Laboran', 'eyJhbGciOiJIUzI1NiIsInR5cCI6IkpXVCJ9.eyJ1c2VyX2lkIjoxLCJ1c2VybmFtZSI6IklGMzk3Iiwicm9sZSI6IkxhYm9yYW4iLCJpYXQiOjE2OTE4NTg5NDIsImV4cCI6MTY5MTk0NTM0Mn0.YcYy2-C8NdgEOsNmXz8QzZmsIYtBLT21LKcFzms3GtA', '2023-08-12 16:45:01', '2023-08-12 16:49:02'),
(2, '193040001', '$2b$10$ArTs/cTtXMAuFp/FCUbEKOxcaVpbJqHXlujPrq8rdaSo0nJp6858O', 'putrahanif437@gmail.com', '089658842008', NULL, 'Asisten', 'eyJhbGciOiJIUzI1NiIsInR5cCI6IkpXVCJ9.eyJ1c2VyX2lkIjoyLCJ1c2VybmFtZSI6IjE5MzA0MDAwMSIsInJvbGUiOiJNYWhhc2lzd2EiLCJpYXQiOjE2OTE4NTg3OTIsImV4cCI6MTY5MTk0NTE5Mn0.2vWJsNXKj1GTU2geQk78EJK82KaHM_On1DZ1sWApVwo', '2023-08-12 16:45:20', '2023-08-12 16:49:31'),
(3, '193040025', '$2b$10$v8NaI9dYn.J9X.tZmEMNd.BoSwPEl1UpWDPmsMxChFDpDOoX3v2lu', 'contact.sofyanegi@gmail.com', '0895330087325', NULL, 'Mahasiswa', NULL, '2023-08-12 16:45:20', '2023-08-12 16:45:20'),
(4, '193040027', '$2b$10$Iki1iP2ztWeSU81nqemQMO67vmTlzHf1alSfvtsVdBDHellmnYIHa', 'zahradwiameilia1@gmail.com', '083817041467', NULL, 'Mahasiswa', NULL, '2023-08-12 16:45:21', '2023-08-12 16:45:21'),
(5, '193040035', '$2b$10$DYxRt3tfMnXPm92.C7lSV.pIu10UekstM5S/SPO3zyFeFbc/uINeK', 'kareenakardin032@gmail.com', '085624174711', NULL, 'Mahasiswa', NULL, '2023-08-12 16:45:21', '2023-08-12 16:45:21'),
(6, '193040042', '$2b$10$8pFLL7.9bkt35ePfqdA9OOVcVWJRbSbHmLPv3fJDOqhXIYZO3wd2q', 'kazzdani3@gmail.com', '081212679636', NULL, 'Asisten', 'eyJhbGciOiJIUzI1NiIsInR5cCI6IkpXVCJ9.eyJ1c2VyX2lkIjo2LCJ1c2VybmFtZSI6IjE5MzA0MDA0MiIsInJvbGUiOiJNYWhhc2lzd2EiLCJpYXQiOjE2OTE4NTg4NTEsImV4cCI6MTY5MTk0NTI1MX0.6O3stbsKlUy1aeOPeKhwFB_mfJeiXEOJ3Vyclv4pu0g', '2023-08-12 16:45:21', '2023-08-12 16:49:29'),
(7, '193040058', '$2b$10$PtFgI8seBC/8CYUMe6q9Ieo/LBfR2Ztsu5NJ4AHTXs2qTR3E/z3MS', 'bayucucanherdian@gmail.com', '0895401053741', NULL, 'Mahasiswa', NULL, '2023-08-12 16:45:21', '2023-08-12 16:45:21'),
(8, '193040076', '$2b$10$O/fX4ASQ/c9JTgGclWG/CePOncSLLFjvJ.I8WEj5nFDMmRl81zWPK', 'fajarhasbinoer2@gmail.com', '081224886957', NULL, 'Mahasiswa', NULL, '2023-08-12 16:45:21', '2023-08-12 16:45:21'),
(9, '193040088', '$2b$10$e5Hrw9qFcckop6BUxRhC4./HqjSq74n8T3Ur3vHashuLE.B8MZ5wm', 'muhamadnurfirmansyah66450@gmail.com', '085320740551', NULL, 'Mahasiswa', NULL, '2023-08-12 16:45:59', '2023-08-12 16:45:59'),
(10, '193040154', '$2b$10$A5Izs/.Dc1b4Zo2nwnbwEuXMstGKpaQjuGXbdLm1Eoodo2DgZElHu', 'elti.rahmawati19@gmail.com', '082254243461', NULL, 'Asisten', 'eyJhbGciOiJIUzI1NiIsInR5cCI6IkpXVCJ9.eyJ1c2VyX2lkIjoxMCwidXNlcm5hbWUiOiIxOTMwNDAxNTQiLCJyb2xlIjoiTWFoYXNpc3dhIiwiaWF0IjoxNjkxODU4OTA4LCJleHAiOjE2OTE5NDUzMDh9.viw17mpUwlnGNIVu1WYXicpMH--CiJwrVEC1-9SdhNI', '2023-08-12 16:45:59', '2023-08-12 16:49:22'),
(11, '193040159', '$2b$10$lAVOFD8pcNLJZyHHhi6fI.ma5GGxk4Qnld1fzVAPDXv.DHQiIcBDK', 'fajrikh01@gmail.com', '083823084118', NULL, 'Asisten', 'eyJhbGciOiJIUzI1NiIsInR5cCI6IkpXVCJ9.eyJ1c2VyX2lkIjoxMSwidXNlcm5hbWUiOiIxOTMwNDAxNTkiLCJyb2xlIjoiTWFoYXNpc3dhIiwiaWF0IjoxNjkxODU4ODgxLCJleHAiOjE2OTE5NDUyODF9.F8VrutL5KVlVAWy1iqU4lS9Kdw8mBOs9rzzBNWw-TYo', '2023-08-12 16:45:59', '2023-08-12 16:49:26');

--
-- Indexes for dumped tables
--

--
-- Indeks untuk tabel `Asistens`
--
ALTER TABLE `Asistens`
  ADD PRIMARY KEY (`asisten_id`),
  ADD UNIQUE KEY `asisten_id` (`asisten_id`),
  ADD KEY `fk-NIM-in-Asisten` (`nim`);

--
-- Indeks untuk tabel `Dosens`
--
ALTER TABLE `Dosens`
  ADD PRIMARY KEY (`dosen_nip`);

--
-- Indeks untuk tabel `JadwalPikets`
--
ALTER TABLE `JadwalPikets`
  ADD PRIMARY KEY (`piket_id`),
  ADD KEY `fk-kelasID-in-JadwalPiket` (`kelas_id`),
  ADD KEY `fk-praktikID-in-JadwalPiket` (`praktik_id`),
  ADD KEY `fk-asistenID-in-JadwalPiket` (`asisten_id`);

--
-- Indeks untuk tabel `JadwalPraktiks`
--
ALTER TABLE `JadwalPraktiks`
  ADD PRIMARY KEY (`praktik_id`),
  ADD KEY `fk-kodeMK-in-JadwalPraktik` (`kode_mk`),
  ADD KEY `fk-kelasID-in-JadwalPraktik` (`kelas_id`),
  ADD KEY `fk-dosenNIP-in-JadwalPraktik` (`dosen_nip`);

--
-- Indeks untuk tabel `Kehadirans`
--
ALTER TABLE `Kehadirans`
  ADD PRIMARY KEY (`absen_id`),
  ADD KEY `fk-asistenID-in-Kehadiran` (`asisten_id`),
  ADD KEY `fk-penggantiID-in-Kehadiran` (`pengganti_id`),
  ADD KEY `fk-piketID-in-Kehadiran` (`piket_id`);

--
-- Indeks untuk tabel `Kelas`
--
ALTER TABLE `Kelas`
  ADD PRIMARY KEY (`kelas_id`),
  ADD UNIQUE KEY `kelas_id` (`kelas_id`),
  ADD KEY `fk-kodeMK-in-Kelas` (`kode_mk`);

--
-- Indeks untuk tabel `Krs`
--
ALTER TABLE `Krs`
  ADD PRIMARY KEY (`krs_id`),
  ADD KEY `fk-NIM-in-KRS` (`nim`),
  ADD KEY `fk-kodeMK-in-KRS` (`kode_mk`),
  ADD KEY `fk-kelasID-in-KRS` (`kelas_id`);

--
-- Indeks untuk tabel `Laborans`
--
ALTER TABLE `Laborans`
  ADD PRIMARY KEY (`nip`),
  ADD UNIQUE KEY `nip` (`nip`),
  ADD KEY `fk-userID-in-Laboran` (`user_id`);

--
-- Indeks untuk tabel `Mahasiswas`
--
ALTER TABLE `Mahasiswas`
  ADD PRIMARY KEY (`nim`),
  ADD UNIQUE KEY `nim` (`nim`),
  ADD KEY `fk-userID-in-Mahasiswa` (`user_id`);

--
-- Indeks untuk tabel `Matkuls`
--
ALTER TABLE `Matkuls`
  ADD PRIMARY KEY (`kode_mk`),
  ADD UNIQUE KEY `kode_mk` (`kode_mk`),
  ADD KEY `fk-dosenNIP-in-Matkul` (`dosen_nip`);

--
-- Indeks untuk tabel `Pendaftarans`
--
ALTER TABLE `Pendaftarans`
  ADD PRIMARY KEY (`daftar_id`),
  ADD KEY `fk-programID-in-Pendaftaran` (`program_id`),
  ADD KEY `fk-NIM-in-Pendaftaran` (`nim`);

--
-- Indeks untuk tabel `Pengumumans`
--
ALTER TABLE `Pengumumans`
  ADD PRIMARY KEY (`info_id`);

--
-- Indeks untuk tabel `Penilaians`
--
ALTER TABLE `Penilaians`
  ADD PRIMARY KEY (`nilai_id`),
  ADD KEY `fk-kelasID-in-Penilaian` (`kelas_id`),
  ADD KEY `fk-krsID-in-Penilaian` (`krs_id`);

--
-- Indeks untuk tabel `Programs`
--
ALTER TABLE `Programs`
  ADD PRIMARY KEY (`program_id`),
  ADD UNIQUE KEY `periode` (`periode`);

--
-- Indeks untuk tabel `Sequelizemeta`
--
ALTER TABLE `Sequelizemeta`
  ADD PRIMARY KEY (`name`),
  ADD UNIQUE KEY `name` (`name`);

--
-- Indeks untuk tabel `Users`
--
ALTER TABLE `Users`
  ADD PRIMARY KEY (`user_id`);

--
-- AUTO_INCREMENT untuk tabel yang dibuang
--

--
-- AUTO_INCREMENT untuk tabel `JadwalPikets`
--
ALTER TABLE `JadwalPikets`
  MODIFY `piket_id` int(11) NOT NULL AUTO_INCREMENT;

--
-- AUTO_INCREMENT untuk tabel `Kehadirans`
--
ALTER TABLE `Kehadirans`
  MODIFY `absen_id` int(11) NOT NULL AUTO_INCREMENT;

--
-- AUTO_INCREMENT untuk tabel `Krs`
--
ALTER TABLE `Krs`
  MODIFY `krs_id` int(11) NOT NULL AUTO_INCREMENT, AUTO_INCREMENT=7;

--
-- AUTO_INCREMENT untuk tabel `Pendaftarans`
--
ALTER TABLE `Pendaftarans`
  MODIFY `daftar_id` int(11) NOT NULL AUTO_INCREMENT;

--
-- AUTO_INCREMENT untuk tabel `Pengumumans`
--
ALTER TABLE `Pengumumans`
  MODIFY `info_id` int(11) NOT NULL AUTO_INCREMENT;

--
-- AUTO_INCREMENT untuk tabel `Penilaians`
--
ALTER TABLE `Penilaians`
  MODIFY `nilai_id` int(11) NOT NULL AUTO_INCREMENT, AUTO_INCREMENT=6;

--
-- AUTO_INCREMENT untuk tabel `Programs`
--
ALTER TABLE `Programs`
  MODIFY `program_id` int(11) NOT NULL AUTO_INCREMENT;

--
-- AUTO_INCREMENT untuk tabel `Users`
--
ALTER TABLE `Users`
  MODIFY `user_id` int(11) NOT NULL AUTO_INCREMENT;

--
-- Ketidakleluasaan untuk tabel pelimpahan (Dumped Tables)
--

--
-- Ketidakleluasaan untuk tabel `Asistens`
--
ALTER TABLE `Asistens`
  ADD CONSTRAINT `fk-NIM-in-Asisten` FOREIGN KEY (`nim`) REFERENCES `Mahasiswas` (`nim`) ON DELETE CASCADE ON UPDATE CASCADE;

--
-- Ketidakleluasaan untuk tabel `JadwalPikets`
--
ALTER TABLE `JadwalPikets`
  ADD CONSTRAINT `fk-asistenID-in-JadwalPiket` FOREIGN KEY (`asisten_id`) REFERENCES `Asistens` (`asisten_id`) ON DELETE CASCADE ON UPDATE CASCADE,
  ADD CONSTRAINT `fk-kelasID-in-JadwalPiket` FOREIGN KEY (`kelas_id`) REFERENCES `Kelas` (`kelas_id`) ON DELETE CASCADE ON UPDATE CASCADE,
  ADD CONSTRAINT `fk-praktikID-in-JadwalPiket` FOREIGN KEY (`praktik_id`) REFERENCES `JadwalPraktiks` (`praktik_id`) ON DELETE CASCADE ON UPDATE CASCADE;

--
-- Ketidakleluasaan untuk tabel `JadwalPraktiks`
--
ALTER TABLE `JadwalPraktiks`
  ADD CONSTRAINT `fk-dosenNIP-in-JadwalPraktik` FOREIGN KEY (`dosen_nip`) REFERENCES `Dosens` (`dosen_nip`) ON DELETE CASCADE ON UPDATE CASCADE,
  ADD CONSTRAINT `fk-kelasID-in-JadwalPraktik` FOREIGN KEY (`kelas_id`) REFERENCES `Kelas` (`kelas_id`) ON DELETE CASCADE ON UPDATE CASCADE,
  ADD CONSTRAINT `fk-kodeMK-in-JadwalPraktik` FOREIGN KEY (`kode_mk`) REFERENCES `Matkuls` (`kode_mk`) ON DELETE CASCADE ON UPDATE CASCADE;

--
-- Ketidakleluasaan untuk tabel `Kehadirans`
--
ALTER TABLE `Kehadirans`
  ADD CONSTRAINT `fk-asistenID-in-Kehadiran` FOREIGN KEY (`asisten_id`) REFERENCES `Asistens` (`asisten_id`) ON DELETE CASCADE ON UPDATE CASCADE,
  ADD CONSTRAINT `fk-penggantiID-in-Kehadiran` FOREIGN KEY (`pengganti_id`) REFERENCES `Asistens` (`asisten_id`) ON DELETE CASCADE ON UPDATE CASCADE,
  ADD CONSTRAINT `fk-piketID-in-Kehadiran` FOREIGN KEY (`piket_id`) REFERENCES `JadwalPikets` (`piket_id`) ON DELETE CASCADE ON UPDATE CASCADE;

--
-- Ketidakleluasaan untuk tabel `Kelas`
--
ALTER TABLE `Kelas`
  ADD CONSTRAINT `fk-kodeMK-in-Kelas` FOREIGN KEY (`kode_mk`) REFERENCES `Matkuls` (`kode_mk`) ON DELETE CASCADE ON UPDATE CASCADE;

--
-- Ketidakleluasaan untuk tabel `Krs`
--
ALTER TABLE `Krs`
  ADD CONSTRAINT `fk-NIM-in-KRS` FOREIGN KEY (`nim`) REFERENCES `Mahasiswas` (`nim`) ON DELETE CASCADE ON UPDATE CASCADE,
  ADD CONSTRAINT `fk-kelasID-in-KRS` FOREIGN KEY (`kelas_id`) REFERENCES `Kelas` (`kelas_id`) ON DELETE CASCADE ON UPDATE CASCADE,
  ADD CONSTRAINT `fk-kodeMK-in-KRS` FOREIGN KEY (`kode_mk`) REFERENCES `Matkuls` (`kode_mk`) ON DELETE CASCADE ON UPDATE CASCADE;

--
-- Ketidakleluasaan untuk tabel `Laborans`
--
ALTER TABLE `Laborans`
  ADD CONSTRAINT `fk-userID-in-Laboran` FOREIGN KEY (`user_id`) REFERENCES `Users` (`user_id`) ON DELETE CASCADE ON UPDATE CASCADE;

--
-- Ketidakleluasaan untuk tabel `Mahasiswas`
--
ALTER TABLE `Mahasiswas`
  ADD CONSTRAINT `fk-userID-in-Mahasiswa` FOREIGN KEY (`user_id`) REFERENCES `Users` (`user_id`) ON DELETE CASCADE ON UPDATE CASCADE;

--
-- Ketidakleluasaan untuk tabel `Matkuls`
--
ALTER TABLE `Matkuls`
  ADD CONSTRAINT `fk-dosenNIP-in-Matkul` FOREIGN KEY (`dosen_nip`) REFERENCES `Dosens` (`dosen_nip`) ON DELETE CASCADE ON UPDATE CASCADE;

--
-- Ketidakleluasaan untuk tabel `Pendaftarans`
--
ALTER TABLE `Pendaftarans`
  ADD CONSTRAINT `fk-NIM-in-Pendaftaran` FOREIGN KEY (`nim`) REFERENCES `Mahasiswas` (`nim`) ON DELETE CASCADE ON UPDATE CASCADE,
  ADD CONSTRAINT `fk-programID-in-Pendaftaran` FOREIGN KEY (`program_id`) REFERENCES `Programs` (`program_id`) ON DELETE CASCADE ON UPDATE CASCADE;

--
-- Ketidakleluasaan untuk tabel `Penilaians`
--
ALTER TABLE `Penilaians`
  ADD CONSTRAINT `fk-kelasID-in-Penilaian` FOREIGN KEY (`kelas_id`) REFERENCES `Kelas` (`kelas_id`) ON DELETE CASCADE ON UPDATE CASCADE,
  ADD CONSTRAINT `fk-krsID-in-Penilaian` FOREIGN KEY (`krs_id`) REFERENCES `Krs` (`krs_id`) ON DELETE CASCADE ON UPDATE CASCADE;
COMMIT;

/*!40101 SET CHARACTER_SET_CLIENT=@OLD_CHARACTER_SET_CLIENT */;
/*!40101 SET CHARACTER_SET_RESULTS=@OLD_CHARACTER_SET_RESULTS */;
/*!40101 SET COLLATION_CONNECTION=@OLD_COLLATION_CONNECTION */;
